scenario_point,candidate,baseline,metric,candidate_mean,baseline_mean,mean_improvement,mean_improvement_pct,paired_t_stat,paired_t_p_value_normal_approx,cohens_d,win_rate,n
"scenario_label=clustered,ber=0.0",SGCT,DRCT,total_protocol_time_ms,10166.953775,23157.086300,12990.132525,56.095712,633.465602,0.000000,89.585565,1.000000,50
"scenario_label=clustered,ber=0.0",SGCT,LAPCT,total_protocol_time_ms,10166.953775,29658.296825,19491.343050,65.719698,1487.401169,0.000000,210.350291,1.000000,50
"scenario_label=clustered,ber=0.0",SGCT,DQTA(k_max=3),total_protocol_time_ms,10166.953775,16110.655850,5943.702075,36.892986,460.762692,0.000000,65.161685,1.000000,50
"scenario_label=clustered,ber=0.0",SGCT,EMDT,total_protocol_time_ms,10166.953775,13669.552950,3502.599175,25.623363,161.897204,0.000000,22.895722,1.000000,50
"scenario_label=clustered,ber=0.0",SGCT,NLHQT(n=2),total_protocol_time_ms,10166.953775,25144.637625,14977.683850,59.566115,766.739105,0.000000,108.433284,1.000000,50
"scenario_label=clustered,ber=0.0",SGCT,EAQ_CBB,total_protocol_time_ms,10166.953775,26328.782550,16161.828775,61.384641,209.922684,0.000000,29.687551,1.000000,50
"scenario_label=clustered,ber=0.0",SGCT,HT_EEAC,total_protocol_time_ms,10166.953775,79526.313750,69359.359975,87.215610,300.236102,0.000000,42.459797,1.000000,50
"scenario_label=clustered,ber=0.0001",SGCT,DRCT,total_protocol_time_ms,10185.202375,23159.107175,12973.904800,56.020747,562.771037,0.000000,79.587843,1.000000,50
"scenario_label=clustered,ber=0.0001",SGCT,LAPCT,total_protocol_time_ms,10185.202375,29657.148625,19471.946250,65.656839,1656.359423,0.000000,234.244596,1.000000,50
"scenario_label=clustered,ber=0.0001",SGCT,DQTA(k_max=3),total_protocol_time_ms,10185.202375,16148.079825,5962.877450,36.926232,529.975388,0.000000,74.949838,1.000000,50
"scenario_label=clustered,ber=0.0001",SGCT,EMDT,total_protocol_time_ms,10185.202375,13754.129250,3568.926875,25.948039,194.790432,0.000000,27.547527,1.000000,50
"scenario_label=clustered,ber=0.0001",SGCT,NLHQT(n=2),total_protocol_time_ms,10185.202375,25154.258325,14969.055950,59.509033,542.799408,0.000000,76.763428,1.000000,50
"scenario_label=clustered,ber=0.0001",SGCT,EAQ_CBB,total_protocol_time_ms,10185.202375,26397.708875,16212.506500,61.416339,170.802150,0.000000,24.155072,1.000000,50
"scenario_label=clustered,ber=0.0001",SGCT,HT_EEAC,total_protocol_time_ms,10185.202375,79659.686700,69474.484325,87.214107,367.766055,0.000000,52.009974,1.000000,50
"scenario_label=clustered,ber=0.001",SGCT,DRCT,total_protocol_time_ms,10355.057050,23158.844250,12803.787200,55.286814,545.401277,0.000000,77.131388,1.000000,50
"scenario_label=clustered,ber=0.001",SGCT,LAPCT,total_protocol_time_ms,10355.057050,29659.060625,19304.003575,65.086362,1710.527771,0.000000,241.905157,1.000000,50
"scenario_label=clustered,ber=0.001",SGCT,DQTA(k_max=3),total_protocol_time_ms,10355.057050,16417.698750,6062.641700,36.927476,491.374560,0.000000,69.490857,1.000000,50
"scenario_label=clustered,ber=0.001",SGCT,EMDT,total_protocol_time_ms,10355.057050,14324.232250,3969.175200,27.709514,198.762139,0.000000,28.109211,1.000000,50
"scenario_label=clustered,ber=0.001",SGCT,NLHQT(n=2),total_protocol_time_ms,10355.057050,25401.264900,15046.207850,59.234089,634.681184,0.000000,89.757474,1.000000,50
"scenario_label=clustered,ber=0.001",SGCT,EAQ_CBB,total_protocol_time_ms,10355.057050,26469.465775,16114.408725,60.879237,146.695255,0.000000,20.745842,1.000000,50
"scenario_label=clustered,ber=0.001",SGCT,HT_EEAC,total_protocol_time_ms,10355.057050,79654.160250,69299.103200,86.999980,333.721258,0.000000,47.195313,1.000000,50
"scenario_label=clustered,ber=1e-05",SGCT,DRCT,total_protocol_time_ms,10173.211975,23169.992700,12996.780725,56.093158,423.595125,0.000000,59.905397,1.000000,50
"scenario_label=clustered,ber=1e-05",SGCT,LAPCT,total_protocol_time_ms,10173.211975,29656.166125,19482.954150,65.696132,1459.626674,0.000000,206.422384,1.000000,50
"scenario_label=clustered,ber=1e-05",SGCT,DQTA(k_max=3),total_protocol_time_ms,10173.211975,16116.625650,5943.413675,36.877531,577.981660,0.000000,81.738950,1.000000,50
"scenario_label=clustered,ber=1e-05",SGCT,EMDT,total_protocol_time_ms,10173.211975,13703.821400,3530.609425,25.763685,172.637348,0.000000,24.414608,1.000000,50
"scenario_label=clustered,ber=1e-05",SGCT,NLHQT(n=2),total_protocol_time_ms,10173.211975,25175.913975,15002.702000,59.591489,776.690674,0.000000,109.840648,1.000000,50
"scenario_label=clustered,ber=1e-05",SGCT,EAQ_CBB,total_protocol_time_ms,10173.211975,26386.918850,16213.706875,61.446003,172.711333,0.000000,24.425071,1.000000,50
"scenario_label=clustered,ber=1e-05",SGCT,HT_EEAC,total_protocol_time_ms,10173.211975,79383.183450,69209.971475,87.184676,290.687691,0.000000,41.109447,1.000000,50
"scenario_label=dispersed,ber=0.0",SGCT,DRCT,total_protocol_time_ms,6693.214650,60645.088025,53951.873375,88.963303,23.576725,0.000000,3.334252,1.000000,50
"scenario_label=dispersed,ber=0.0",SGCT,LAPCT,total_protocol_time_ms,6693.214650,30360.798950,23667.584300,77.954419,269.170192,0.000000,38.066414,1.000000,50
"scenario_label=dispersed,ber=0.0",SGCT,DQTA(k_max=3),total_protocol_time_ms,6693.214650,24393.194500,17699.979850,72.561139,30.037261,0.000000,4.247910,1.000000,50
"scenario_label=dispersed,ber=0.0",SGCT,EMDT,total_protocol_time_ms,6693.214650,13664.368150,6971.153500,51.017020,101.871072,0.000000,14.406745,1.000000,50
"scenario_label=dispersed,ber=0.0",SGCT,NLHQT(n=2),total_protocol_time_ms,6693.214650,9179.021875,2485.807225,27.081396,36.488993,0.000000,5.160323,1.000000,50
"scenario_label=dispersed,ber=0.0",SGCT,EAQ_CBB,total_protocol_time_ms,6693.214650,32953.722675,26260.508025,79.689048,66.459500,0.000000,9.398793,1.000000,50
"scenario_label=dispersed,ber=0.0",SGCT,HT_EEAC,total_protocol_time_ms,6693.214650,79797.284700,73104.070050,91.612228,290.572195,0.000000,41.093114,1.000000,50
"scenario_label=dispersed,ber=0.0001",SGCT,DRCT,total_protocol_time_ms,8081.110650,61801.948800,53720.838150,86.924182,27.291787,0.000000,3.859642,1.000000,50
"scenario_label=dispersed,ber=0.0001",SGCT,LAPCT,total_protocol_time_ms,8081.110650,30368.457450,22287.346800,73.389789,132.858343,0.000000,18.789007,1.000000,50
"scenario_label=dispersed,ber=0.0001",SGCT,DQTA(k_max=3),total_protocol_time_ms,8081.110650,24419.445700,16338.335050,66.907068,30.992599,0.000000,4.383015,1.000000,50
"scenario_label=dispersed,ber=0.0001",SGCT,EMDT,total_protocol_time_ms,8081.110650,13762.465450,5681.354800,41.281519,35.935322,0.000000,5.082022,1.000000,50
"scenario_label=dispersed,ber=0.0001",SGCT,NLHQT(n=2),total_protocol_time_ms,8081.110650,9177.959100,1096.848450,11.950897,6.988995,0.000000,0.988393,0.880000,50
"scenario_label=dispersed,ber=0.0001",SGCT,EAQ_CBB,total_protocol_time_ms,8081.110650,32455.413500,24374.302850,75.100885,69.455103,0.000000,9.822435,1.000000,50
"scenario_label=dispersed,ber=0.0001",SGCT,HT_EEAC,total_protocol_time_ms,8081.110650,79445.071500,71363.960850,89.828053,269.569869,0.000000,38.122936,1.000000,50
"scenario_label=dispersed,ber=0.001",SGCT,DRCT,total_protocol_time_ms,9799.024075,58266.752825,48467.728750,83.182478,21.289372,0.000000,3.010772,1.000000,50
"scenario_label=dispersed,ber=0.001",SGCT,LAPCT,total_protocol_time_ms,9799.024075,30360.095950,20561.071875,67.724002,96.285761,0.000000,13.616863,1.000000,50
"scenario_label=dispersed,ber=0.001",SGCT,DQTA(k_max=3),total_protocol_time_ms,9799.024075,23405.200725,13606.176650,58.133134,23.620349,0.000000,3.340422,1.000000,50
"scenario_label=dispersed,ber=0.001",SGCT,EMDT,total_protocol_time_ms,9799.024075,14319.008900,4519.984825,31.566325,22.073067,0.000000,3.121603,1.000000,50
"scenario_label=dispersed,ber=0.001",SGCT,NLHQT(n=2),total_protocol_time_ms,9799.024075,9183.586000,-615.438075,-6.701501,-2.929208,0.003398,-0.414253,0.400000,50
"scenario_label=dispersed,ber=0.001",SGCT,EAQ_CBB,total_protocol_time_ms,9799.024075,31784.101500,21985.077425,69.170045,55.134160,0.000000,7.797148,1.000000,50
"scenario_label=dispersed,ber=0.001",SGCT,HT_EEAC,total_protocol_time_ms,9799.024075,79501.880100,69702.856025,87.674475,224.758874,0.000000,31.785705,1.000000,50
"scenario_label=dispersed,ber=1e-05",SGCT,DRCT,total_protocol_time_ms,7780.939550,58813.198125,51032.258575,86.770079,23.849380,0.000000,3.372812,1.000000,50
"scenario_label=dispersed,ber=1e-05",SGCT,LAPCT,total_protocol_time_ms,7780.939550,30376.162850,22595.223300,74.384719,133.707271,0.000000,18.909064,1.000000,50
"scenario_label=dispersed,ber=1e-05",SGCT,DQTA(k_max=3),total_protocol_time_ms,7780.939550,24391.460375,16610.520825,68.099739,25.552165,0.000000,3.613622,1.000000,50
"scenario_label=dispersed,ber=1e-05",SGCT,EMDT,total_protocol_time_ms,7780.939550,13675.769500,5894.829950,43.104192,36.153956,0.000000,5.112942,1.000000,50
"scenario_label=dispersed,ber=1e-05",SGCT,NLHQT(n=2),total_protocol_time_ms,7780.939550,9174.953425,1394.013875,15.193689,8.589521,0.000000,1.214742,0.900000,50
"scenario_label=dispersed,ber=1e-05",SGCT,EAQ_CBB,total_protocol_time_ms,7780.939550,33007.137900,25226.198350,76.426494,65.547312,0.000000,9.269790,1.000000,50
"scenario_label=dispersed,ber=1e-05",SGCT,HT_EEAC,total_protocol_time_ms,7780.939550,79152.760350,71371.820800,90.169718,264.471955,0.000000,37.401983,1.000000,50
"scenario_label=prefix80,ber=0.0",SGCT,DRCT,total_protocol_time_ms,5490.737500,21816.806750,16326.069250,74.832534,1272.206611,0.000000,179.917184,1.000000,50
"scenario_label=prefix80,ber=0.0",SGCT,LAPCT,total_protocol_time_ms,5490.737500,30839.413050,25348.675550,82.195713,275962.652906,0.000000,39027.012645,1.000000,50
"scenario_label=prefix80,ber=0.0",SGCT,DQTA(k_max=3),total_protocol_time_ms,5490.737500,14741.215950,9250.478450,62.752479,788.903546,0.000000,111.567809,1.000000,50
"scenario_label=prefix80,ber=0.0",SGCT,EMDT,total_protocol_time_ms,5490.737500,13698.183900,8207.446400,59.916311,642.703501,0.000000,90.892001,1.000000,50
"scenario_label=prefix80,ber=0.0",SGCT,NLHQT(n=2),total_protocol_time_ms,5490.737500,9181.073150,3690.335650,40.195036,1454.300326,0.000000,205.669125,1.000000,50
"scenario_label=prefix80,ber=0.0",SGCT,EAQ_CBB,total_protocol_time_ms,5490.737500,28616.125275,23125.387775,80.812435,1867.717316,0.000000,264.135116,1.000000,50
"scenario_label=prefix80,ber=0.0",SGCT,HT_EEAC,total_protocol_time_ms,5490.737500,79272.808800,73782.071300,93.073618,369.234639,0.000000,52.217663,1.000000,50
"scenario_label=prefix80,ber=0.0001",SGCT,DRCT,total_protocol_time_ms,5496.025200,21800.869625,16304.844425,74.789881,1507.300890,0.000000,213.164536,1.000000,50
"scenario_label=prefix80,ber=0.0001",SGCT,LAPCT,total_protocol_time_ms,5496.025200,30839.316025,25343.290825,82.178511,86022.909290,0.000000,12165.476499,1.000000,50
"scenario_label=prefix80,ber=0.0001",SGCT,DQTA(k_max=3),total_protocol_time_ms,5496.025200,14760.774700,9264.749500,62.766011,836.055748,0.000000,118.236138,1.000000,50
"scenario_label=prefix80,ber=0.0001",SGCT,EMDT,total_protocol_time_ms,5496.025200,13770.716200,8274.691000,60.089039,518.668251,0.000000,73.350768,1.000000,50
"scenario_label=prefix80,ber=0.0001",SGCT,NLHQT(n=2),total_protocol_time_ms,5496.025200,9177.387950,3681.362750,40.113404,1550.388523,0.000000,219.258048,1.000000,50
"scenario_label=prefix80,ber=0.0001",SGCT,EAQ_CBB,total_protocol_time_ms,5496.025200,28601.987400,23105.962200,80.784464,1971.174707,0.000000,278.766200,1.000000,50
"scenario_label=prefix80,ber=0.0001",SGCT,HT_EEAC,total_protocol_time_ms,5496.025200,79714.307700,74218.282500,93.105347,410.534011,0.000000,58.058277,1.000000,50
"scenario_label=prefix80,ber=0.001",SGCT,DRCT,total_protocol_time_ms,5542.551900,21832.140500,16289.588600,74.612879,1327.394946,0.000000,187.721993,1.000000,50
"scenario_label=prefix80,ber=0.001",SGCT,LAPCT,total_protocol_time_ms,5542.551900,30839.341100,25296.789200,82.027658,33209.495240,0.000000,4696.531857,1.000000,50
"scenario_label=prefix80,ber=0.001",SGCT,DQTA(k_max=3),total_protocol_time_ms,5542.551900,14781.462950,9238.911050,62.503360,726.444348,0.000000,102.734745,1.000000,50
"scenario_label=prefix80,ber=0.001",SGCT,EMDT,total_protocol_time_ms,5542.551900,14285.441850,8742.889950,61.201397,517.586452,0.000000,73.197778,1.000000,50
"scenario_label=prefix80,ber=0.001",SGCT,NLHQT(n=2),total_protocol_time_ms,5542.551900,9180.773700,3638.221800,39.628706,1255.132475,0.000000,177.502537,1.000000,50
"scenario_label=prefix80,ber=0.001",SGCT,EAQ_CBB,total_protocol_time_ms,5542.551900,28597.433100,23054.881200,80.618708,1836.155651,0.000000,259.671622,1.000000,50
"scenario_label=prefix80,ber=0.001",SGCT,HT_EEAC,total_protocol_time_ms,5542.551900,79080.047550,73537.495650,92.991213,322.959746,0.000000,45.673405,1.000000,50
"scenario_label=prefix80,ber=1e-05",SGCT,DRCT,total_protocol_time_ms,5491.218200,21810.733025,16319.514825,74.823321,1148.876274,0.000000,162.475641,1.000000,50
"scenario_label=prefix80,ber=1e-05",SGCT,LAPCT,total_protocol_time_ms,5491.218200,30839.258650,25348.040450,82.194065,164188.511595,0.000000,23219.761988,1.000000,50
"scenario_label=prefix80,ber=1e-05",SGCT,DQTA(k_max=3),total_protocol_time_ms,5491.218200,14763.863200,9272.645000,62.806360,744.645304,0.000000,105.308749,1.000000,50
"scenario_label=prefix80,ber=1e-05",SGCT,EMDT,total_protocol_time_ms,5491.218200,13688.480100,8197.261900,59.884383,588.481970,0.000000,83.223918,1.000000,50
"scenario_label=prefix80,ber=1e-05",SGCT,NLHQT(n=2),total_protocol_time_ms,5491.218200,9178.312550,3687.094350,40.171811,1714.631354,0.000000,242.485492,1.000000,50
"scenario_label=prefix80,ber=1e-05",SGCT,EAQ_CBB,total_protocol_time_ms,5491.218200,28604.359075,23113.140875,80.802862,2234.095438,0.000000,315.948807,1.000000,50
"scenario_label=prefix80,ber=1e-05",SGCT,HT_EEAC,total_protocol_time_ms,5491.218200,79258.048950,73766.830750,93.071722,332.706641,0.000000,47.051824,1.000000,50
"scenario_label=random,ber=0.0",SGCT,DRCT,total_protocol_time_ms,11247.458100,15212.418825,3964.960725,26.063973,380.603303,0.000000,53.825435,1.000000,50
"scenario_label=random,ber=0.0",SGCT,LAPCT,total_protocol_time_ms,11247.458100,25910.462050,14663.003950,56.591055,2485.077375,0.000000,351.443013,1.000000,50
"scenario_label=random,ber=0.0",SGCT,DQTA(k_max=3),total_protocol_time_ms,11247.458100,16371.531950,5124.073850,31.298683,688.768726,0.000000,97.406607,1.000000,50
"scenario_label=random,ber=0.0",SGCT,EMDT,total_protocol_time_ms,11247.458100,13682.443500,2434.985400,17.796422,150.547554,0.000000,21.290639,1.000000,50
"scenario_label=random,ber=0.0",SGCT,NLHQT(n=2),total_protocol_time_ms,11247.458100,18440.850300,7193.392200,39.007920,1337.585260,0.000000,189.163122,1.000000,50
"scenario_label=random,ber=0.0",SGCT,EAQ_CBB,total_protocol_time_ms,11247.458100,22369.226125,11121.768025,49.719056,1155.243433,0.000000,163.376093,1.000000,50
"scenario_label=random,ber=0.0",SGCT,HT_EEAC,total_protocol_time_ms,11247.458100,79325.529600,68078.071500,85.821137,324.565365,0.000000,45.900474,1.000000,50
"scenario_label=random,ber=0.0001",SGCT,DRCT,total_protocol_time_ms,11345.435175,15245.145525,3899.710350,25.580014,356.834773,0.000000,50.464058,1.000000,50
"scenario_label=random,ber=0.0001",SGCT,LAPCT,total_protocol_time_ms,11345.435175,25910.367725,14564.932550,56.212759,2734.218841,0.000000,386.676937,1.000000,50
"scenario_label=random,ber=0.0001",SGCT,DQTA(k_max=3),total_protocol_time_ms,11345.435175,16511.745725,5166.310550,31.288700,629.284664,0.000000,88.994291,1.000000,50
"scenario_label=random,ber=0.0001",SGCT,EMDT,total_protocol_time_ms,11345.435175,13770.777300,2425.342125,17.612238,148.779548,0.000000,21.040605,1.000000,50
"scenario_label=random,ber=0.0001",SGCT,NLHQT(n=2),total_protocol_time_ms,11345.435175,18533.956400,7188.521225,38.785681,1397.883381,0.000000,197.690564,1.000000,50
"scenario_label=random,ber=0.0001",SGCT,EAQ_CBB,total_protocol_time_ms,11345.435175,22374.989175,11029.554000,49.294120,1109.442204,0.000000,156.898821,1.000000,50
"scenario_label=random,ber=0.0001",SGCT,HT_EEAC,total_protocol_time_ms,11345.435175,79392.919200,68047.484025,85.709764,338.618878,0.000000,47.887941,1.000000,50
"scenario_label=random,ber=0.001",SGCT,DRCT,total_protocol_time_ms,12261.576775,15233.180000,2971.603225,19.507439,241.434073,0.000000,34.143934,1.000000,50
"scenario_label=random,ber=0.001",SGCT,LAPCT,total_protocol_time_ms,12261.576775,25910.453450,13648.876675,52.677105,1692.804092,0.000000,239.398651,1.000000,50
"scenario_label=random,ber=0.001",SGCT,DQTA(k_max=3),total_protocol_time_ms,12261.576775,17585.238225,5323.661450,30.273468,519.491606,0.000000,73.467207,1.000000,50
"scenario_label=random,ber=0.001",SGCT,EMDT,total_protocol_time_ms,12261.576775,14321.219250,2059.642475,14.381754,112.545335,0.000000,15.916314,1.000000,50
"scenario_label=random,ber=0.001",SGCT,NLHQT(n=2),total_protocol_time_ms,12261.576775,19346.649350,7085.072575,36.621704,806.839698,0.000000,114.104364,1.000000,50
"scenario_label=random,ber=0.001",SGCT,EAQ_CBB,total_protocol_time_ms,12261.576775,22370.570375,10108.993600,45.188806,976.817162,0.000000,138.142808,1.000000,50
"scenario_label=random,ber=0.001",SGCT,HT_EEAC,total_protocol_time_ms,12261.576775,79473.604050,67212.027275,84.571510,335.195778,0.000000,47.403842,1.000000,50
"scenario_label=random,ber=1e-05",SGCT,DRCT,total_protocol_time_ms,11263.213650,15240.759700,3977.546050,26.098083,307.007105,0.000000,43.417361,1.000000,50
"scenario_label=random,ber=1e-05",SGCT,LAPCT,total_protocol_time_ms,11263.213650,25910.580875,14647.367225,56.530447,2370.673300,0.000000,335.263833,1.000000,50
"scenario_label=random,ber=1e-05",SGCT,DQTA(k_max=3),total_protocol_time_ms,11263.213650,16387.314250,5124.100600,31.268703,589.774878,0.000000,83.406763,1.000000,50
"scenario_label=random,ber=1e-05",SGCT,EMDT,total_protocol_time_ms,11263.213650,13688.608000,2425.394350,17.718342,143.409990,0.000000,20.281235,1.000000,50
"scenario_label=random,ber=1e-05",SGCT,NLHQT(n=2),total_protocol_time_ms,11263.213650,18453.165350,7189.951700,38.963243,1727.345680,0.000000,244.283569,1.000000,50
"scenario_label=random,ber=1e-05",SGCT,EAQ_CBB,total_protocol_time_ms,11263.213650,22367.119975,11103.906325,49.643881,1334.609995,0.000000,188.742355,1.000000,50
"scenario_label=random,ber=1e-05",SGCT,HT_EEAC,total_protocol_time_ms,11263.213650,79330.441950,68067.228300,85.802154,285.982763,0.000000,40.444070,1.000000,50
"scenario_label=sequential,ber=0.0",SGCT,DRCT,total_protocol_time_ms,4609.660000,17994.676250,13385.016250,74.383201,,,,1.000000,50
"scenario_label=sequential,ber=0.0",SGCT,LAPCT,total_protocol_time_ms,4609.660000,30901.261250,26291.601250,85.082615,50588862252643784.000000,0.000000,7154345510271316.000000,1.000000,50
"scenario_label=sequential,ber=0.0",SGCT,DQTA(k_max=3),total_protocol_time_ms,4609.660000,9760.685000,5151.025000,52.773192,,,,1.000000,50
"scenario_label=sequential,ber=0.0",SGCT,EMDT,total_protocol_time_ms,4609.660000,13696.773050,9087.113050,66.344919,539.175273,0.000000,76.250898,1.000000,50
"scenario_label=sequential,ber=0.0",SGCT,NLHQT(n=2),total_protocol_time_ms,4609.660000,7161.840000,2552.180000,35.635814,39286122206482920.000000,0.000000,5555896683745497.000000,1.000000,50
"scenario_label=sequential,ber=0.0",SGCT,EAQ_CBB,total_protocol_time_ms,4609.660000,29919.629175,25309.969175,84.593191,1939.727549,0.000000,274.318901,1.000000,50
"scenario_label=sequential,ber=0.0",SGCT,HT_EEAC,total_protocol_time_ms,4609.660000,79687.945650,75078.285650,94.215361,301.114541,0.000000,42.584027,1.000000,50
"scenario_label=sequential,ber=0.0001",SGCT,DRCT,total_protocol_time_ms,4613.082400,17994.676250,13381.593850,74.364182,62467.066259,0.000000,8834.177231,1.000000,50
"scenario_label=sequential,ber=0.0001",SGCT,LAPCT,total_protocol_time_ms,4613.082400,30901.261250,26288.178850,85.071540,122716.727803,0.000000,17354.766079,1.000000,50
"scenario_label=sequential,ber=0.0001",SGCT,DQTA(k_max=3),total_protocol_time_ms,4613.082400,9760.685000,5147.602600,52.738129,24029.696036,0.000000,3398.312203,1.000000,50
"scenario_label=sequential,ber=0.0001",SGCT,EMDT,total_protocol_time_ms,4613.082400,13726.821500,9113.739100,66.393659,651.635888,0.000000,92.155231,1.000000,50
"scenario_label=sequential,ber=0.0001",SGCT,NLHQT(n=2),total_protocol_time_ms,4613.082400,7161.840000,2548.757600,35.588028,11897.940683,0.000000,1682.622908,1.000000,50
"scenario_label=sequential,ber=0.0001",SGCT,EAQ_CBB,total_protocol_time_ms,4613.082400,29963.720575,25350.638175,84.604441,2046.109287,0.000000,289.363550,1.000000,50
"scenario_label=sequential,ber=0.0001",SGCT,HT_EEAC,total_protocol_time_ms,4613.082400,79574.439900,74961.357500,94.202809,317.522569,0.000000,44.904472,1.000000,50
"scenario_label=sequential,ber=0.001",SGCT,DRCT,total_protocol_time_ms,4646.152450,17994.676250,13348.523800,74.180405,19301.623115,0.000000,2729.661719,1.000000,50
"scenario_label=sequential,ber=0.001",SGCT,LAPCT,total_protocol_time_ms,4646.152450,30901.261250,26255.108800,84.964522,37964.214059,0.000000,5368.950641,1.000000,50
"scenario_label=sequential,ber=0.001",SGCT,DQTA(k_max=3),total_protocol_time_ms,4646.152450,9760.685000,5114.532550,52.399320,7395.482914,0.000000,1045.879224,1.000000,50
"scenario_label=sequential,ber=0.001",SGCT,EMDT,total_protocol_time_ms,4646.152450,14286.527100,9640.374650,67.478783,563.443765,0.000000,79.682981,1.000000,50
"scenario_label=sequential,ber=0.001",SGCT,NLHQT(n=2),total_protocol_time_ms,4646.152450,7161.840000,2515.687550,35.126274,3637.619687,0.000000,514.437110,1.000000,50
"scenario_label=sequential,ber=0.001",SGCT,EAQ_CBB,total_protocol_time_ms,4646.152450,29935.624375,25289.471925,84.479520,2253.796255,0.000000,318.734923,1.000000,50
"scenario_label=sequential,ber=0.001",SGCT,HT_EEAC,total_protocol_time_ms,4646.152450,79831.591350,75185.438900,94.180058,292.750308,0.000000,41.401146,1.000000,50
"scenario_label=sequential,ber=1e-05",SGCT,DRCT,total_protocol_time_ms,4610.156000,17994.676250,13384.520250,74.380445,164880.583834,0.000000,23317.635783,1.000000,50
"scenario_label=sequential,ber=1e-05",SGCT,LAPCT,total_protocol_time_ms,4610.156000,30901.261250,26291.105250,85.081010,323873.601915,0.000000,45802.644032,1.000000,50
"scenario_label=sequential,ber=1e-05",SGCT,DQTA(k_max=3),total_protocol_time_ms,4610.156000,9760.685000,5150.529000,52.768110,63448.088741,0.000000,8972.914760,1.000000,50
"scenario_label=sequential,ber=1e-05",SGCT,EMDT,total_protocol_time_ms,4610.156000,13700.948150,9090.792150,66.351555,551.627884,0.000000,78.011964,1.000000,50
"scenario_label=sequential,ber=1e-05",SGCT,NLHQT(n=2),total_protocol_time_ms,4610.156000,7161.840000,2551.684000,35.628889,31433.562042,0.000000,4445.376975,1.000000,50
"scenario_label=sequential,ber=1e-05",SGCT,EAQ_CBB,total_protocol_time_ms,4610.156000,29929.057575,25318.901575,84.596388,2283.928777,0.000000,322.996305,1.000000,50
"scenario_label=sequential,ber=1e-05",SGCT,HT_EEAC,total_protocol_time_ms,4610.156000,79472.890950,74862.734950,94.199084,326.581435,0.000000,46.185589,1.000000,50
