scenario_point,algorithm_name,metric,mean,ci95,p95,n,mean_ci95
scenario_label=clustered,SGCT,avg_total_bits,154.566936,0.481204,159.525410,50,154.5669 +/- 0.4812
scenario_label=clustered,SGCT(d10),avg_total_bits,133.438910,0.271152,133.788825,50,133.4389 +/- 0.2712
scenario_label=clustered,SGCT(d4),avg_total_bits,222.995934,1.444013,231.211100,50,222.9959 +/- 1.4440
scenario_label=clustered,SGCT(d6),avg_total_bits,206.664374,1.099105,212.494410,50,206.6644 +/- 1.0991
scenario_label=clustered,SGCT(d8),avg_total_bits,154.852716,0.616470,160.451330,50,154.8527 +/- 0.6165
scenario_label=clustered,SGCT(no_local_short_id),avg_total_bits,274.504716,2.393565,297.478320,50,274.5047 +/- 2.3936
scenario_label=clustered,SGCT(no_low_d_fallback),avg_total_bits,154.866204,0.616372,160.456055,50,154.8662 +/- 0.6164
scenario_label=clustered,SGCT(no_signature_grouping),avg_total_bits,171.587980,0.635579,177.215610,50,171.5880 +/- 0.6356
scenario_label=clustered,SGCT(no_suffix_extension),avg_total_bits,154.852716,0.616470,160.451330,50,154.8527 +/- 0.6165
scenario_label=clustered,SGCT,system_efficiency,0.782079,0.000842,0.786225,50,0.7821 +/- 0.0008
scenario_label=clustered,SGCT(d10),system_efficiency,0.890681,0.000451,0.892865,50,0.8907 +/- 0.0005
scenario_label=clustered,SGCT(d4),system_efficiency,0.612090,0.000526,0.614936,50,0.6121 +/- 0.0005
scenario_label=clustered,SGCT(d6),system_efficiency,0.622525,0.000525,0.625463,50,0.6225 +/- 0.0005
scenario_label=clustered,SGCT(d8),system_efficiency,0.781917,0.000906,0.787250,50,0.7819 +/- 0.0009
scenario_label=clustered,SGCT(no_local_short_id),system_efficiency,0.781917,0.000906,0.787250,50,0.7819 +/- 0.0009
scenario_label=clustered,SGCT(no_low_d_fallback),system_efficiency,0.781917,0.000906,0.787250,50,0.7819 +/- 0.0009
scenario_label=clustered,SGCT(no_signature_grouping),system_efficiency,0.183070,0.000421,0.185517,50,0.1831 +/- 0.0004
scenario_label=clustered,SGCT(no_suffix_extension),system_efficiency,0.781917,0.000906,0.787250,50,0.7819 +/- 0.0009
scenario_label=clustered,SGCT,throughput_tags_per_sec,983.742268,2.200561,994.587223,50,983.7423 +/- 2.2006
scenario_label=clustered,SGCT(d10),throughput_tags_per_sec,929.602508,0.933205,934.197544,50,929.6025 +/- 0.9332
scenario_label=clustered,SGCT(d4),throughput_tags_per_sec,640.435905,0.971073,645.777644,50,640.4359 +/- 0.9711
scenario_label=clustered,SGCT(d6),throughput_tags_per_sec,601.326218,0.915554,606.397655,50,601.3262 +/- 0.9156
scenario_label=clustered,SGCT(d8),throughput_tags_per_sec,983.277041,2.376891,997.419905,50,983.2770 +/- 2.3769
scenario_label=clustered,SGCT(no_local_short_id),throughput_tags_per_sec,966.147355,2.380837,980.296145,50,966.1474 +/- 2.3808
scenario_label=clustered,SGCT(no_low_d_fallback),throughput_tags_per_sec,983.100007,2.380979,997.289782,50,983.1000 +/- 2.3810
scenario_label=clustered,SGCT(no_signature_grouping),throughput_tags_per_sec,672.203450,1.673684,682.082647,50,672.2034 +/- 1.6737
scenario_label=clustered,SGCT(no_suffix_extension),throughput_tags_per_sec,983.277041,2.376891,997.419905,50,983.2770 +/- 2.3769
scenario_label=clustered,SGCT,total_bits,1545669.360000,4812.038604,1595254.100000,50,1545669.3600 +/- 4812.0386
scenario_label=clustered,SGCT(d10),total_bits,1334389.100000,2711.515215,1337888.250000,50,1334389.1000 +/- 2711.5152
scenario_label=clustered,SGCT(d4),total_bits,2229959.340000,14440.125870,2312111.000000,50,2229959.3400 +/- 14440.1259
scenario_label=clustered,SGCT(d6),total_bits,2066643.740000,10991.046414,2124944.100000,50,2066643.7400 +/- 10991.0464
scenario_label=clustered,SGCT(d8),total_bits,1548527.160000,6164.695442,1604513.300000,50,1548527.1600 +/- 6164.6954
scenario_label=clustered,SGCT(no_local_short_id),total_bits,2745047.160000,23935.645984,2974783.200000,50,2745047.1600 +/- 23935.6460
scenario_label=clustered,SGCT(no_low_d_fallback),total_bits,1548662.040000,6163.717159,1604560.550000,50,1548662.0400 +/- 6163.7172
scenario_label=clustered,SGCT(no_signature_grouping),total_bits,1715879.800000,6355.786075,1772156.100000,50,1715879.8000 +/- 6355.7861
scenario_label=clustered,SGCT(no_suffix_extension),total_bits,1548527.160000,6164.695442,1604513.300000,50,1548527.1600 +/- 6164.6954
scenario_label=clustered,SGCT,total_energy_uj,5072153.188375,14175.703035,5157786.417606,50,5072153.1884 +/- 14175.7030
scenario_label=clustered,SGCT(d10),total_energy_uj,5394810.735655,6018.452473,5430148.466444,50,5394810.7357 +/- 6018.4525
scenario_label=clustered,SGCT(d4),total_energy_uj,7816628.164803,11847.445268,7890975.342069,50,7816628.1648 +/- 11847.4453
scenario_label=clustered,SGCT(d6),total_energy_uj,8316687.062093,14828.536503,8407839.703569,50,8316687.0621 +/- 14828.5365
scenario_label=clustered,SGCT(d8),total_energy_uj,5082289.308810,12912.994171,5153884.370212,50,5082289.3088 +/- 12912.9942
scenario_label=clustered,SGCT(no_local_short_id),total_energy_uj,5176594.077835,13391.960496,5250703.494225,50,5176594.0778 +/- 13391.9605
scenario_label=clustered,SGCT(no_low_d_fallback),total_energy_uj,5083308.186955,12937.809009,5153989.181738,50,5083308.1870 +/- 12937.8090
scenario_label=clustered,SGCT(no_signature_grouping),total_energy_uj,7446632.235440,19517.515018,7557092.426325,50,7446632.2354 +/- 19517.5150
scenario_label=clustered,SGCT(no_suffix_extension),total_energy_uj,5082289.308810,12912.994171,5153884.370212,50,5082289.3088 +/- 12912.9942
scenario_label=clustered,SGCT,total_protocol_time_ms,10165.914800,22.805229,10302.763000,50,10165.9148 +/- 22.8052
scenario_label=clustered,SGCT(d10),total_protocol_time_ms,10757.424325,10.807110,10812.458313,50,10757.4243 +/- 10.8071
scenario_label=clustered,SGCT(d4),total_protocol_time_ms,15614.823625,23.712116,15761.348313,50,15614.8236 +/- 23.7121
scenario_label=clustered,SGCT(d6),total_protocol_time_ms,16630.400125,25.313759,16770.441250,50,16630.4001 +/- 25.3138
scenario_label=clustered,SGCT(d8),total_protocol_time_ms,10170.831800,24.588352,10304.388937,50,10170.8318 +/- 24.5884
scenario_label=clustered,SGCT(no_local_short_id),total_protocol_time_ms,10351.189800,25.510789,10489.935187,50,10351.1898 +/- 25.5108
scenario_label=clustered,SGCT(no_low_d_fallback),total_protocol_time_ms,10172.666350,24.643584,10306.378062,50,10172.6663 +/- 24.6436
scenario_label=clustered,SGCT(no_signature_grouping),total_protocol_time_ms,14877.624800,37.042380,15078.945187,50,14877.6248 +/- 37.0424
scenario_label=clustered,SGCT(no_suffix_extension),total_protocol_time_ms,10170.831800,24.588352,10304.388937,50,10170.8318 +/- 24.5884
scenario_label=dispersed,SGCT,avg_total_bits,115.577566,2.202048,125.168200,50,115.5776 +/- 2.2020
scenario_label=dispersed,SGCT(d10),avg_total_bits,136.619720,3.085205,152.317470,50,136.6197 +/- 3.0852
scenario_label=dispersed,SGCT(d4),avg_total_bits,186.647986,3.329295,210.219375,50,186.6480 +/- 3.3293
scenario_label=dispersed,SGCT(d6),avg_total_bits,169.718424,3.840639,195.697705,50,169.7184 +/- 3.8406
scenario_label=dispersed,SGCT(d8),avg_total_bits,116.773514,2.395227,129.014465,50,116.7735 +/- 2.3952
scenario_label=dispersed,SGCT(no_local_short_id),avg_total_bits,154.993514,2.595779,168.564435,50,154.9935 +/- 2.5958
scenario_label=dispersed,SGCT(no_low_d_fallback),avg_total_bits,116.773514,2.395227,129.014465,50,116.7735 +/- 2.3952
scenario_label=dispersed,SGCT(no_signature_grouping),avg_total_bits,138.985770,2.395199,151.226005,50,138.9858 +/- 2.3952
scenario_label=dispersed,SGCT(no_suffix_extension),avg_total_bits,116.773514,2.395227,129.014465,50,116.7735 +/- 2.3952
scenario_label=dispersed,SGCT,system_efficiency,0.932606,0.002724,0.951113,50,0.9326 +/- 0.0027
scenario_label=dispersed,SGCT(d10),system_efficiency,0.793618,0.008995,0.829876,50,0.7936 +/- 0.0090
scenario_label=dispersed,SGCT(d4),system_efficiency,0.597135,0.005816,0.608145,50,0.5971 +/- 0.0058
scenario_label=dispersed,SGCT(d6),system_efficiency,0.606486,0.008749,0.623751,50,0.6065 +/- 0.0087
scenario_label=dispersed,SGCT(d8),system_efficiency,0.931705,0.002516,0.951113,50,0.9317 +/- 0.0025
scenario_label=dispersed,SGCT(no_local_short_id),system_efficiency,0.931705,0.002516,0.951113,50,0.9317 +/- 0.0025
scenario_label=dispersed,SGCT(no_low_d_fallback),system_efficiency,0.931705,0.002516,0.951113,50,0.9317 +/- 0.0025
scenario_label=dispersed,SGCT(no_signature_grouping),system_efficiency,0.150910,0.000066,0.151410,50,0.1509 +/- 0.0001
scenario_label=dispersed,SGCT(no_suffix_extension),system_efficiency,0.931705,0.002516,0.951113,50,0.9317 +/- 0.0025
scenario_label=dispersed,SGCT,throughput_tags_per_sec,1512.493688,25.505343,1688.874133,50,1512.4937 +/- 25.5053
scenario_label=dispersed,SGCT(d10),throughput_tags_per_sec,1051.409608,29.372139,1187.189850,50,1051.4096 +/- 29.3721
scenario_label=dispersed,SGCT(d4),throughput_tags_per_sec,724.713213,13.040759,751.199361,50,724.7132 +/- 13.0408
scenario_label=dispersed,SGCT(d6),throughput_tags_per_sec,747.979363,19.583534,787.088000,50,747.9794 +/- 19.5835
scenario_label=dispersed,SGCT(d8),throughput_tags_per_sec,1499.624860,25.539118,1681.862864,50,1499.6249 +/- 25.5391
scenario_label=dispersed,SGCT(no_local_short_id),throughput_tags_per_sec,1485.959919,25.098866,1664.198504,50,1485.9599 +/- 25.0989
scenario_label=dispersed,SGCT(no_low_d_fallback),throughput_tags_per_sec,1499.624860,25.539118,1681.862864,50,1499.6249 +/- 25.5391
scenario_label=dispersed,SGCT(no_signature_grouping),throughput_tags_per_sec,773.561204,6.672103,820.114914,50,773.5612 +/- 6.6721
scenario_label=dispersed,SGCT(no_suffix_extension),throughput_tags_per_sec,1499.624860,25.539118,1681.862864,50,1499.6249 +/- 25.5391
scenario_label=dispersed,SGCT,total_bits,1155775.660000,22020.477478,1251682.000000,50,1155775.6600 +/- 22020.4775
scenario_label=dispersed,SGCT(d10),total_bits,1366197.200000,30852.053058,1523174.700000,50,1366197.2000 +/- 30852.0531
scenario_label=dispersed,SGCT(d4),total_bits,1866479.860000,33292.949394,2102193.750000,50,1866479.8600 +/- 33292.9494
scenario_label=dispersed,SGCT(d6),total_bits,1697184.240000,38406.394007,1956977.050000,50,1697184.2400 +/- 38406.3940
scenario_label=dispersed,SGCT(d8),total_bits,1167735.140000,23952.269626,1290144.650000,50,1167735.1400 +/- 23952.2696
scenario_label=dispersed,SGCT(no_local_short_id),total_bits,1549935.140000,25957.792512,1685644.350000,50,1549935.1400 +/- 25957.7925
scenario_label=dispersed,SGCT(no_low_d_fallback),total_bits,1167735.140000,23952.269626,1290144.650000,50,1167735.1400 +/- 23952.2696
scenario_label=dispersed,SGCT(no_signature_grouping),total_bits,1389857.700000,23951.991511,1512260.050000,50,1389857.7000 +/- 23951.9915
scenario_label=dispersed,SGCT(no_suffix_extension),total_bits,1167735.140000,23952.269626,1290144.650000,50,1167735.1400 +/- 23952.2696
scenario_label=dispersed,SGCT,total_energy_uj,3348101.450565,55301.231065,3644501.190900,50,3348101.4506 +/- 55301.2311
scenario_label=dispersed,SGCT(d10),total_energy_uj,4909852.463167,131221.492862,5398850.663700,50,4909852.4632 +/- 131221.4929
scenario_label=dispersed,SGCT(d4),total_energy_uj,6941696.220057,142027.545983,8044912.367681,50,6941696.2201 +/- 142027.5460
scenario_label=dispersed,SGCT(d6),total_energy_uj,6766813.942788,210121.115213,8557316.678325,50,6766813.9428 +/- 210121.1152
scenario_label=dispersed,SGCT(d8),total_energy_uj,3375694.436842,55241.676469,3616716.981369,50,3375694.4368 +/- 55241.6765
scenario_label=dispersed,SGCT(no_local_short_id),total_energy_uj,3437037.536842,55354.768808,3674336.481369,50,3437037.5368 +/- 55354.7688
scenario_label=dispersed,SGCT(no_low_d_fallback),total_energy_uj,3375694.436842,55241.676469,3616716.981369,50,3375694.4368 +/- 55241.6765
scenario_label=dispersed,SGCT(no_signature_grouping),total_energy_uj,6497865.059563,57328.129512,6756171.127569,50,6497865.0596 +/- 57328.1295
scenario_label=dispersed,SGCT(no_suffix_extension),total_energy_uj,3375694.436842,55241.676469,3616716.981369,50,3375694.4368 +/- 55241.6765
scenario_label=dispersed,SGCT,total_protocol_time_ms,6635.127750,109.844554,7222.271250,50,6635.1277 +/- 109.8446
scenario_label=dispersed,SGCT(d10),total_protocol_time_ms,9604.396300,262.052306,10563.264188,50,9604.3963 +/- 262.0523
scenario_label=dispersed,SGCT(d4),total_protocol_time_ms,13863.716850,284.174443,16056.014000,50,13863.7169 +/- 284.1744
scenario_label=dispersed,SGCT(d6),total_protocol_time_ms,13509.676275,420.361326,17063.675375,50,13509.6763 +/- 420.3613
scenario_label=dispersed,SGCT(d8),total_protocol_time_ms,6692.090750,109.741126,7167.860000,50,6692.0908 +/- 109.7411
scenario_label=dispersed,SGCT(no_local_short_id),total_protocol_time_ms,6753.242750,109.847667,7225.615000,50,6753.2428 +/- 109.8477
scenario_label=dispersed,SGCT(no_low_d_fallback),total_protocol_time_ms,6692.090750,109.741126,7167.860000,50,6692.0908 +/- 109.7411
scenario_label=dispersed,SGCT(no_signature_grouping),total_protocol_time_ms,12939.287750,109.747255,13415.441250,50,12939.2877 +/- 109.7473
scenario_label=dispersed,SGCT(no_suffix_extension),total_protocol_time_ms,6692.090750,109.741126,7167.860000,50,6692.0908 +/- 109.7411
scenario_label=prefix64,SGCT,avg_total_bits,113.423710,0.170708,114.481485,50,113.4237 +/- 0.1707
scenario_label=prefix64,SGCT(d10),avg_total_bits,117.030410,0.060136,117.411020,50,117.0304 +/- 0.0601
scenario_label=prefix64,SGCT(d4),avg_total_bits,215.836630,0.194915,217.079225,50,215.8366 +/- 0.1949
scenario_label=prefix64,SGCT(d6),avg_total_bits,182.511118,0.182929,183.472725,50,182.5111 +/- 0.1829
scenario_label=prefix64,SGCT(d8),avg_total_bits,113.402346,0.184593,114.728305,50,113.4023 +/- 0.1846
scenario_label=prefix64,SGCT(no_local_short_id),avg_total_bits,139.674630,0.207121,141.161565,50,139.6746 +/- 0.2071
scenario_label=prefix64,SGCT(no_low_d_fallback),avg_total_bits,113.473940,0.187028,114.800025,50,113.4739 +/- 0.1870
scenario_label=prefix64,SGCT(no_signature_grouping),avg_total_bits,139.730402,0.224143,141.341825,50,139.7304 +/- 0.2241
scenario_label=prefix64,SGCT(no_suffix_extension),avg_total_bits,113.402346,0.184593,114.728305,50,113.4023 +/- 0.1846
scenario_label=prefix64,SGCT,system_efficiency,0.840339,0.000878,0.844316,50,0.8403 +/- 0.0009
scenario_label=prefix64,SGCT(d10),system_efficiency,0.823650,0.000298,0.825151,50,0.8236 +/- 0.0003
scenario_label=prefix64,SGCT(d4),system_efficiency,0.586442,0.000505,0.589123,50,0.5864 +/- 0.0005
scenario_label=prefix64,SGCT(d6),system_efficiency,0.621720,0.000527,0.624832,50,0.6217 +/- 0.0005
scenario_label=prefix64,SGCT(d8),system_efficiency,0.840443,0.000962,0.845044,50,0.8404 +/- 0.0010
scenario_label=prefix64,SGCT(no_local_short_id),system_efficiency,0.840443,0.000962,0.845044,50,0.8404 +/- 0.0010
scenario_label=prefix64,SGCT(no_low_d_fallback),system_efficiency,0.840443,0.000962,0.845044,50,0.8404 +/- 0.0010
scenario_label=prefix64,SGCT(no_signature_grouping),system_efficiency,0.128672,0.000186,0.129524,50,0.1287 +/- 0.0002
scenario_label=prefix64,SGCT(no_suffix_extension),system_efficiency,0.840443,0.000962,0.845044,50,0.8404 +/- 0.0010
scenario_label=prefix64,SGCT,throughput_tags_per_sec,1141.934465,2.760545,1155.065858,50,1141.9345 +/- 2.7605
scenario_label=prefix64,SGCT(d10),throughput_tags_per_sec,642.493438,0.348896,644.195719,50,642.4934 +/- 0.3489
scenario_label=prefix64,SGCT(d4),throughput_tags_per_sec,592.791453,0.885380,597.654055,50,592.7915 +/- 0.8854
scenario_label=prefix64,SGCT(d6),throughput_tags_per_sec,602.044594,0.944222,607.518464,50,602.0446 +/- 0.9442
scenario_label=prefix64,SGCT(d8),throughput_tags_per_sec,1142.319107,2.972872,1156.323913,50,1142.3191 +/- 2.9729
scenario_label=prefix64,SGCT(no_local_short_id),throughput_tags_per_sec,1128.452616,2.986457,1142.537485,50,1128.4526 +/- 2.9865
scenario_label=prefix64,SGCT(no_low_d_fallback),throughput_tags_per_sec,1141.056127,3.010487,1155.531563,50,1141.0561 +/- 3.0105
scenario_label=prefix64,SGCT(no_signature_grouping),throughput_tags_per_sec,618.860222,1.297238,624.899049,50,618.8602 +/- 1.2972
scenario_label=prefix64,SGCT(no_suffix_extension),throughput_tags_per_sec,1142.319107,2.972872,1156.323913,50,1142.3191 +/- 2.9729
scenario_label=prefix64,SGCT,total_bits,1134237.100000,1707.075918,1144814.850000,50,1134237.1000 +/- 1707.0759
scenario_label=prefix64,SGCT(d10),total_bits,1170304.100000,601.360751,1174110.200000,50,1170304.1000 +/- 601.3608
scenario_label=prefix64,SGCT(d4),total_bits,2158366.300000,1949.146454,2170792.250000,50,2158366.3000 +/- 1949.1465
scenario_label=prefix64,SGCT(d6),total_bits,1825111.180000,1829.286591,1834727.250000,50,1825111.1800 +/- 1829.2866
scenario_label=prefix64,SGCT(d8),total_bits,1134023.460000,1845.933015,1147283.050000,50,1134023.4600 +/- 1845.9330
scenario_label=prefix64,SGCT(no_local_short_id),total_bits,1396746.300000,2071.214215,1411615.650000,50,1396746.3000 +/- 2071.2142
scenario_label=prefix64,SGCT(no_low_d_fallback),total_bits,1134739.400000,1870.279481,1148000.250000,50,1134739.4000 +/- 1870.2795
scenario_label=prefix64,SGCT(no_signature_grouping),total_bits,1397304.020000,2241.425298,1413418.250000,50,1397304.0200 +/- 2241.4253
scenario_label=prefix64,SGCT(no_suffix_extension),total_bits,1134023.460000,1845.933015,1147283.050000,50,1134023.4600 +/- 1845.9330
scenario_label=prefix64,SGCT,total_energy_uj,4404073.877035,13900.554584,4486793.404262,50,4404073.8770 +/- 13900.5546
scenario_label=prefix64,SGCT(d10),total_energy_uj,7890385.164373,8392.733279,7937314.330619,50,7890385.1644 +/- 8392.7333
scenario_label=prefix64,SGCT(d4),total_energy_uj,8449095.591385,13822.980306,8537407.062613,50,8449095.5914 +/- 13822.9803
scenario_label=prefix64,SGCT(d6),total_energy_uj,8317137.490040,15445.738342,8398675.596231,50,8317137.4900 +/- 15445.7383
scenario_label=prefix64,SGCT(d8),total_energy_uj,4404054.265950,12663.946236,4476902.588850,50,4404054.2659 +/- 12663.9462
scenario_label=prefix64,SGCT(no_local_short_id),total_energy_uj,4477247.353095,13049.554559,4552410.053300,50,4477247.3531 +/- 13049.5546
scenario_label=prefix64,SGCT(no_low_d_fallback),total_energy_uj,4408905.538385,12753.887918,4482237.222637,50,4408905.5384 +/- 12753.8879
scenario_label=prefix64,SGCT(no_signature_grouping),total_energy_uj,8105705.721445,17521.066837,8188511.481012,50,8105705.7214 +/- 17521.0668
scenario_label=prefix64,SGCT(no_suffix_extension),total_energy_uj,4404054.265950,12663.946236,4476902.588850,50,4404054.2659 +/- 12663.9462
scenario_label=prefix64,SGCT,total_protocol_time_ms,8757.723700,21.202942,8891.359375,50,8757.7237 +/- 21.2029
scenario_label=prefix64,SGCT(d10),total_protocol_time_ms,15564.419875,8.457219,15617.958062,50,15564.4199 +/- 8.4572
scenario_label=prefix64,SGCT(d4),total_protocol_time_ms,16869.819400,25.215550,17025.145062,50,16869.8194 +/- 25.2156
scenario_label=prefix64,SGCT(d6),total_protocol_time_ms,16610.585775,26.020476,16747.374063,50,16610.5858 +/- 26.0205
scenario_label=prefix64,SGCT(d8),total_protocol_time_ms,8754.882825,22.943335,8920.201687,50,8754.8828 +/- 22.9433
scenario_label=prefix64,SGCT(no_local_short_id),total_protocol_time_ms,8862.489700,23.620354,9032.487563,50,8862.4897 +/- 23.6204
scenario_label=prefix64,SGCT(no_low_d_fallback),total_protocol_time_ms,8764.594025,23.276093,8928.662688,50,8764.5940 +/- 23.2761
scenario_label=prefix64,SGCT(no_signature_grouping),total_protocol_time_ms,16159.648575,34.070247,16405.254187,50,16159.6486 +/- 34.0702
scenario_label=prefix64,SGCT(no_suffix_extension),total_protocol_time_ms,8754.882825,22.943335,8920.201687,50,8754.8828 +/- 22.9433
scenario_label=prefix72,SGCT,avg_total_bits,102.983008,0.119845,103.608670,50,102.9830 +/- 0.1198
scenario_label=prefix72,SGCT(d10),avg_total_bits,108.074380,0.026353,108.245230,50,108.0744 +/- 0.0264
scenario_label=prefix72,SGCT(d4),avg_total_bits,206.580114,0.185318,207.534780,50,206.5801 +/- 0.1853
scenario_label=prefix72,SGCT(d6),avg_total_bits,172.874478,0.137152,173.771965,50,172.8745 +/- 0.1372
scenario_label=prefix72,SGCT(d8),avg_total_bits,103.143280,0.157782,104.038100,50,103.1433 +/- 0.1578
scenario_label=prefix72,SGCT(no_local_short_id),avg_total_bits,120.273168,0.167813,121.228540,50,120.2732 +/- 0.1678
scenario_label=prefix72,SGCT(no_low_d_fallback),avg_total_bits,105.531300,0.169227,106.492690,50,105.5313 +/- 0.1692
scenario_label=prefix72,SGCT(no_signature_grouping),avg_total_bits,128.160544,0.190312,129.230800,50,128.1605 +/- 0.1903
scenario_label=prefix72,SGCT(no_suffix_extension),avg_total_bits,103.143280,0.157782,104.038100,50,103.1433 +/- 0.1578
scenario_label=prefix72,SGCT,system_efficiency,0.841806,0.000691,0.845380,50,0.8418 +/- 0.0007
scenario_label=prefix72,SGCT(d10),system_efficiency,0.824281,0.000224,0.825362,50,0.8243 +/- 0.0002
scenario_label=prefix72,SGCT(d4),system_efficiency,0.586004,0.000473,0.588654,50,0.5860 +/- 0.0005
scenario_label=prefix72,SGCT(d6),system_efficiency,0.623325,0.000398,0.625352,50,0.6233 +/- 0.0004
scenario_label=prefix72,SGCT(d8),system_efficiency,0.840893,0.000881,0.845952,50,0.8409 +/- 0.0009
scenario_label=prefix72,SGCT(no_local_short_id),system_efficiency,0.840893,0.000881,0.845952,50,0.8409 +/- 0.0009
scenario_label=prefix72,SGCT(no_low_d_fallback),system_efficiency,0.840893,0.000881,0.845952,50,0.8409 +/- 0.0009
scenario_label=prefix72,SGCT(no_signature_grouping),system_efficiency,0.134347,0.000172,0.135215,50,0.1343 +/- 0.0002
scenario_label=prefix72,SGCT(no_suffix_extension),system_efficiency,0.840893,0.000881,0.845952,50,0.8409 +/- 0.0009
scenario_label=prefix72,SGCT,throughput_tags_per_sec,1246.623104,2.402901,1261.118692,50,1246.6231 +/- 2.4029
scenario_label=prefix72,SGCT(d10),throughput_tags_per_sec,659.932474,0.203611,661.136917,50,659.9325 +/- 0.2036
scenario_label=prefix72,SGCT(d4),throughput_tags_per_sec,600.451193,0.862065,605.294356,50,600.4512 +/- 0.8621
scenario_label=prefix72,SGCT(d6),throughput_tags_per_sec,616.669392,0.729681,619.988392,50,616.6694 +/- 0.7297
scenario_label=prefix72,SGCT(d8),throughput_tags_per_sec,1243.482417,3.138455,1260.672594,50,1243.4824 +/- 3.1385
scenario_label=prefix72,SGCT(no_local_short_id),throughput_tags_per_sec,1234.273281,3.138033,1251.499690,50,1234.2733 +/- 3.1380
scenario_label=prefix72,SGCT(no_low_d_fallback),throughput_tags_per_sec,1195.694227,3.117842,1213.962514,50,1195.6942 +/- 3.1178
scenario_label=prefix72,SGCT(no_signature_grouping),throughput_tags_per_sec,663.219976,1.298453,669.823345,50,663.2200 +/- 1.2985
scenario_label=prefix72,SGCT(no_suffix_extension),throughput_tags_per_sec,1243.482417,3.138455,1260.672594,50,1243.4824 +/- 3.1385
scenario_label=prefix72,SGCT,total_bits,1029830.080000,1198.451830,1036086.700000,50,1029830.0800 +/- 1198.4518
scenario_label=prefix72,SGCT(d10),total_bits,1080743.800000,263.526688,1082452.300000,50,1080743.8000 +/- 263.5267
scenario_label=prefix72,SGCT(d4),total_bits,2065801.140000,1853.177522,2075347.800000,50,2065801.1400 +/- 1853.1775
scenario_label=prefix72,SGCT(d6),total_bits,1728744.780000,1371.518700,1737719.650000,50,1728744.7800 +/- 1371.5187
scenario_label=prefix72,SGCT(d8),total_bits,1031432.800000,1577.823981,1040381.000000,50,1031432.8000 +/- 1577.8240
scenario_label=prefix72,SGCT(no_local_short_id),total_bits,1202731.680000,1678.130764,1212285.400000,50,1202731.6800 +/- 1678.1308
scenario_label=prefix72,SGCT(no_low_d_fallback),total_bits,1055313.000000,1692.271902,1064926.900000,50,1055313.0000 +/- 1692.2719
scenario_label=prefix72,SGCT(no_signature_grouping),total_bits,1281605.440000,1903.124898,1292308.000000,50,1281605.4400 +/- 1903.1249
scenario_label=prefix72,SGCT(no_suffix_extension),total_bits,1031432.800000,1577.823981,1040381.000000,50,1031432.8000 +/- 1577.8240
scenario_label=prefix72,SGCT,total_energy_uj,4035796.743323,8921.669549,4083036.759931,50,4035796.7433 +/- 8921.6695
scenario_label=prefix72,SGCT(d10),total_energy_uj,7687222.364072,8640.923754,7743685.605669,50,7687222.3641 +/- 8640.9238
scenario_label=prefix72,SGCT(d4),total_energy_uj,8332201.036730,13053.201496,8402146.122288,50,8332201.0367 +/- 13053.2015
scenario_label=prefix72,SGCT(d6),total_energy_uj,8112245.858285,12524.742066,8181721.892494,50,8112245.8583 +/- 12524.7421
scenario_label=prefix72,SGCT(d8),total_energy_uj,4046443.297920,11271.208234,4098069.040706,50,4046443.2979 +/- 11271.2082
scenario_label=prefix72,SGCT(no_local_short_id),total_energy_uj,4089310.536460,11439.854843,4141665.476856,50,4089310.5365 +/- 11439.8548
scenario_label=prefix72,SGCT(no_low_d_fallback),total_energy_uj,4205404.884190,12141.730394,4262866.315369,50,4205404.8842 +/- 12141.7304
scenario_label=prefix72,SGCT(no_signature_grouping),total_energy_uj,7566066.785475,16303.966043,7635024.537831,50,7566066.7855 +/- 16303.9660
scenario_label=prefix72,SGCT(no_suffix_extension),total_energy_uj,4046443.297920,11271.208234,4098069.040706,50,4046443.2979 +/- 11271.2082
scenario_label=prefix72,SGCT,total_protocol_time_ms,8022.051225,15.479270,8102.610000,50,8022.0512 +/- 15.4793
scenario_label=prefix72,SGCT(d10),total_protocol_time_ms,15153.083900,4.675579,15179.166500,50,15153.0839 +/- 4.6756
scenario_label=prefix72,SGCT(d4),total_protocol_time_ms,16654.580225,23.879669,16775.598625,50,16654.5802 +/- 23.8797
scenario_label=prefix72,SGCT(d6),total_protocol_time_ms,16216.434000,19.178908,16334.800875,50,16216.4340 +/- 19.1789
scenario_label=prefix72,SGCT(d8),total_protocol_time_ms,8042.589325,20.447448,8157.643687,50,8042.5893 +/- 20.4474
scenario_label=prefix72,SGCT(no_local_short_id),total_protocol_time_ms,8102.606325,20.752044,8219.458687,50,8102.6063 +/- 20.7520
scenario_label=prefix72,SGCT(no_low_d_fallback),total_protocol_time_ms,8364.072525,21.961073,8488.098813,50,8364.0725 +/- 21.9611
scenario_label=prefix72,SGCT(no_signature_grouping),total_protocol_time_ms,15078.694825,29.686764,15243.090562,50,15078.6948 +/- 29.6868
scenario_label=prefix72,SGCT(no_suffix_extension),total_protocol_time_ms,8042.589325,20.447448,8157.643687,50,8042.5893 +/- 20.4474
scenario_label=prefix80,SGCT,avg_total_bits,71.322500,0.000000,71.322500,50,71.3225 +/- 0.0000
scenario_label=prefix80,SGCT(d10),avg_total_bits,90.101662,0.007798,90.140910,50,90.1017 +/- 0.0078
scenario_label=prefix80,SGCT(d4),avg_total_bits,159.548328,0.105353,160.131145,50,159.5483 +/- 0.1054
scenario_label=prefix80,SGCT(d6),avg_total_bits,135.448284,0.104423,136.026455,50,135.4483 +/- 0.1044
scenario_label=prefix80,SGCT(d8),avg_total_bits,71.322500,0.000000,71.322500,50,71.3225 +/- 0.0000
scenario_label=prefix80,SGCT(no_local_short_id),avg_total_bits,79.322500,0.000000,79.322500,50,79.3225 +/- 0.0000
scenario_label=prefix80,SGCT(no_low_d_fallback),avg_total_bits,71.322500,0.000000,71.322500,50,71.3225 +/- 0.0000
scenario_label=prefix80,SGCT(no_signature_grouping),avg_total_bits,93.534692,0.000751,93.536900,50,93.5347 +/- 0.0008
scenario_label=prefix80,SGCT(no_suffix_extension),avg_total_bits,71.322500,0.000000,71.322500,50,71.3225 +/- 0.0000
scenario_label=prefix80,SGCT,system_efficiency,0.951203,0.000000,0.951203,50,0.9512 +/- 0.0000
scenario_label=prefix80,SGCT(d10),system_efficiency,0.830019,0.000025,0.830220,50,0.8300 +/- 0.0000
scenario_label=prefix80,SGCT(d4),system_efficiency,0.606506,0.000377,0.608654,50,0.6065 +/- 0.0004
scenario_label=prefix80,SGCT(d6),system_efficiency,0.622205,0.000396,0.624465,50,0.6222 +/- 0.0004
scenario_label=prefix80,SGCT(d8),system_efficiency,0.951203,0.000000,0.951203,50,0.9512 +/- 0.0000
scenario_label=prefix80,SGCT(no_local_short_id),system_efficiency,0.951203,0.000000,0.951203,50,0.9512 +/- 0.0000
scenario_label=prefix80,SGCT(no_low_d_fallback),system_efficiency,0.951203,0.000000,0.951203,50,0.9512 +/- 0.0000
scenario_label=prefix80,SGCT(no_signature_grouping),system_efficiency,0.151415,0.000004,0.151448,50,0.1514 +/- 0.0000
scenario_label=prefix80,SGCT(no_suffix_extension),system_efficiency,0.951203,0.000000,0.951203,50,0.9512 +/- 0.0000
scenario_label=prefix80,SGCT,throughput_tags_per_sec,1821.248967,0.000000,1821.248967,50,1821.2490 +/- 0.0000
scenario_label=prefix80,SGCT(d10),throughput_tags_per_sec,1215.856108,0.187570,1216.969545,50,1215.8561 +/- 0.1876
scenario_label=prefix80,SGCT(d4),throughput_tags_per_sec,753.294423,0.806289,757.435436,50,753.2944 +/- 0.8063
scenario_label=prefix80,SGCT(d6),throughput_tags_per_sec,796.567294,0.898072,801.184851,50,796.5673 +/- 0.8981
scenario_label=prefix80,SGCT(d8),throughput_tags_per_sec,1821.248967,0.000000,1821.248967,50,1821.2490 +/- 0.0000
scenario_label=prefix80,SGCT(no_local_short_id),throughput_tags_per_sec,1817.013148,0.000000,1817.013148,50,1817.0131 +/- 0.0000
scenario_label=prefix80,SGCT(no_low_d_fallback),throughput_tags_per_sec,1821.248967,0.000000,1821.248967,50,1821.2490 +/- 0.0000
scenario_label=prefix80,SGCT(no_signature_grouping),throughput_tags_per_sec,851.939954,0.015327,852.056158,50,851.9400 +/- 0.0153
scenario_label=prefix80,SGCT(no_suffix_extension),throughput_tags_per_sec,1821.248967,0.000000,1821.248967,50,1821.2490 +/- 0.0000
scenario_label=prefix80,SGCT,total_bits,713225.000000,0.000000,713225.000000,50,713225.0000 +/- 0.0000
scenario_label=prefix80,SGCT(d10),total_bits,901016.620000,77.975006,901409.100000,50,901016.6200 +/- 77.9750
scenario_label=prefix80,SGCT(d4),total_bits,1595483.280000,1053.530106,1601311.450000,50,1595483.2800 +/- 1053.5301
scenario_label=prefix80,SGCT(d6),total_bits,1354482.840000,1044.233826,1360264.550000,50,1354482.8400 +/- 1044.2338
scenario_label=prefix80,SGCT(d8),total_bits,713225.000000,0.000000,713225.000000,50,713225.0000 +/- 0.0000
scenario_label=prefix80,SGCT(no_local_short_id),total_bits,793225.000000,0.000000,793225.000000,50,793225.0000 +/- 0.0000
scenario_label=prefix80,SGCT(no_low_d_fallback),total_bits,713225.000000,0.000000,713225.000000,50,713225.0000 +/- 0.0000
scenario_label=prefix80,SGCT(no_signature_grouping),total_bits,935346.920000,7.507309,935369.000000,50,935346.9200 +/- 7.5073
scenario_label=prefix80,SGCT(no_suffix_extension),total_bits,713225.000000,0.000000,713225.000000,50,713225.0000 +/- 0.0000
scenario_label=prefix80,SGCT,total_energy_uj,2774092.780855,993.958783,2779813.093413,50,2774092.7809 +/- 993.9588
scenario_label=prefix80,SGCT(d10),total_energy_uj,4219994.713507,2546.021279,4237441.707231,50,4219994.7135 +/- 2546.0213
scenario_label=prefix80,SGCT(d4),total_energy_uj,6648327.043520,8762.616720,6695116.678087,50,6648327.0435 +/- 8762.6167
scenario_label=prefix80,SGCT(d6),total_energy_uj,6288387.749580,8749.313429,6333772.505069,50,6288387.7496 +/- 8749.3134
scenario_label=prefix80,SGCT(d8),total_energy_uj,2774687.287235,876.140326,2779710.459125,50,2774687.2872 +/- 876.1403
scenario_label=prefix80,SGCT(no_local_short_id),total_energy_uj,2787527.287235,876.140326,2792550.459125,50,2787527.2872 +/- 876.1403
scenario_label=prefix80,SGCT(no_low_d_fallback),total_energy_uj,2774687.287235,876.140326,2779710.459125,50,2774687.2872 +/- 876.1403
scenario_label=prefix80,SGCT(no_signature_grouping),total_energy_uj,5899628.592425,5610.326053,5931674.499362,50,5899628.5924 +/- 5610.3261
scenario_label=prefix80,SGCT(no_suffix_extension),total_energy_uj,2774687.287235,876.140326,2779710.459125,50,2774687.2872 +/- 876.1403
scenario_label=prefix80,SGCT,total_protocol_time_ms,5490.737500,0.000000,5490.737500,50,5490.7375 +/- 0.0000
scenario_label=prefix80,SGCT(d10),total_protocol_time_ms,8224.659950,1.268394,8230.767438,50,8224.6599 +/- 1.2684
scenario_label=prefix80,SGCT(d4),total_protocol_time_ms,13275.215900,14.206004,13353.982375,50,13275.2159 +/- 14.2060
scenario_label=prefix80,SGCT(d6),total_protocol_time_ms,12554.070650,14.150451,12632.546750,50,12554.0706 +/- 14.1505
scenario_label=prefix80,SGCT(d8),total_protocol_time_ms,5490.737500,0.000000,5490.737500,50,5490.7375 +/- 0.0000
scenario_label=prefix80,SGCT(no_local_short_id),total_protocol_time_ms,5503.537500,0.000000,5503.537500,50,5503.5375 +/- 0.0000
scenario_label=prefix80,SGCT(no_low_d_fallback),total_protocol_time_ms,5490.737500,0.000000,5490.737500,50,5490.7375 +/- 0.0000
scenario_label=prefix80,SGCT(no_signature_grouping),total_protocol_time_ms,11737.916500,0.211143,11738.537500,50,11737.9165 +/- 0.2111
scenario_label=prefix80,SGCT(no_suffix_extension),total_protocol_time_ms,5490.737500,0.000000,5490.737500,50,5490.7375 +/- 0.0000
scenario_label=prefixed,SGCT,avg_total_bits,126.455818,0.173945,127.240255,50,126.4558 +/- 0.1739
scenario_label=prefixed,SGCT(d10),avg_total_bits,129.768520,0.053395,130.021320,50,129.7685 +/- 0.0534
scenario_label=prefixed,SGCT(d4),avg_total_bits,220.985416,0.150156,221.600905,50,220.9854 +/- 0.1502
scenario_label=prefixed,SGCT(d6),avg_total_bits,189.370510,0.147813,190.292390,50,189.3705 +/- 0.1478
scenario_label=prefixed,SGCT(d8),avg_total_bits,126.547844,0.176664,127.549905,50,126.5478 +/- 0.1767
scenario_label=prefixed,SGCT(no_local_short_id),avg_total_bits,171.080108,0.224082,172.357875,50,171.0801 +/- 0.2241
scenario_label=prefixed,SGCT(no_low_d_fallback),avg_total_bits,126.547844,0.176664,127.549905,50,126.5478 +/- 0.1767
scenario_label=prefixed,SGCT(no_signature_grouping),avg_total_bits,152.904228,0.220315,154.150945,50,152.9042 +/- 0.2203
scenario_label=prefixed,SGCT(no_suffix_extension),avg_total_bits,126.547844,0.176664,127.549905,50,126.5478 +/- 0.1767
scenario_label=prefixed,SGCT,system_efficiency,0.841159,0.001013,0.848094,50,0.8412 +/- 0.0010
scenario_label=prefixed,SGCT(d10),system_efficiency,0.823355,0.000273,0.824848,50,0.8234 +/- 0.0003
scenario_label=prefixed,SGCT(d4),system_efficiency,0.585722,0.000436,0.588106,50,0.5857 +/- 0.0004
scenario_label=prefixed,SGCT(d6),system_efficiency,0.620734,0.000484,0.623282,50,0.6207 +/- 0.0005
scenario_label=prefixed,SGCT(d8),system_efficiency,0.840625,0.001025,0.846317,50,0.8406 +/- 0.0010
scenario_label=prefixed,SGCT(no_local_short_id),system_efficiency,0.840625,0.001025,0.846317,50,0.8406 +/- 0.0010
scenario_label=prefixed,SGCT(no_low_d_fallback),system_efficiency,0.840625,0.001025,0.846317,50,0.8406 +/- 0.0010
scenario_label=prefixed,SGCT(no_signature_grouping),system_efficiency,0.128560,0.000205,0.129706,50,0.1286 +/- 0.0002
scenario_label=prefixed,SGCT(no_suffix_extension),system_efficiency,0.840625,0.001025,0.846317,50,0.8406 +/- 0.0010
scenario_label=prefixed,SGCT,throughput_tags_per_sec,1066.773369,2.466716,1083.684289,50,1066.7734 +/- 2.4667
scenario_label=prefixed,SGCT(d10),throughput_tags_per_sec,618.876527,0.286458,620.551630,50,618.8765 +/- 0.2865
scenario_label=prefixed,SGCT(d4),throughput_tags_per_sec,605.907696,0.707874,609.792443,50,605.9077 +/- 0.7079
scenario_label=prefixed,SGCT(d6),throughput_tags_per_sec,607.603187,0.785823,611.854670,50,607.6032 +/- 0.7858
scenario_label=prefixed,SGCT(d8),throughput_tags_per_sec,1065.466178,2.489424,1079.389108,50,1065.4662 +/- 2.4894
scenario_label=prefixed,SGCT(no_local_short_id),throughput_tags_per_sec,1043.022310,2.543686,1057.256217,50,1043.0223 +/- 2.5437
scenario_label=prefixed,SGCT(no_low_d_fallback),throughput_tags_per_sec,1065.466178,2.489424,1079.389108,50,1065.4662 +/- 2.4894
scenario_label=prefixed,SGCT(no_signature_grouping),throughput_tags_per_sec,595.306814,1.212622,602.094423,50,595.3068 +/- 1.2126
scenario_label=prefixed,SGCT(no_suffix_extension),throughput_tags_per_sec,1065.466178,2.489424,1079.389108,50,1065.4662 +/- 2.4894
scenario_label=prefixed,SGCT,total_bits,1264558.180000,1739.449689,1272402.550000,50,1264558.1800 +/- 1739.4497
scenario_label=prefixed,SGCT(d10),total_bits,1297685.200000,533.953839,1300213.200000,50,1297685.2000 +/- 533.9538
scenario_label=prefixed,SGCT(d4),total_bits,2209854.160000,1501.557324,2216009.050000,50,2209854.1600 +/- 1501.5573
scenario_label=prefixed,SGCT(d6),total_bits,1893705.100000,1478.126853,1902923.900000,50,1893705.1000 +/- 1478.1269
scenario_label=prefixed,SGCT(d8),total_bits,1265478.440000,1766.638538,1275499.050000,50,1265478.4400 +/- 1766.6385
scenario_label=prefixed,SGCT(no_local_short_id),total_bits,1710801.080000,2240.816444,1723578.750000,50,1710801.0800 +/- 2240.8164
scenario_label=prefixed,SGCT(no_low_d_fallback),total_bits,1265478.440000,1766.638538,1275499.050000,50,1265478.4400 +/- 1766.6385
scenario_label=prefixed,SGCT(no_signature_grouping),total_bits,1529042.280000,2203.147199,1541509.450000,50,1529042.2800 +/- 2203.1472
scenario_label=prefixed,SGCT(no_suffix_extension),total_bits,1265478.440000,1766.638538,1275499.050000,50,1265478.4400 +/- 1766.6385
scenario_label=prefixed,SGCT,total_energy_uj,4712059.584258,11327.053088,4763591.286250,50,4712059.5843 +/- 11327.0531
scenario_label=prefixed,SGCT(d10),total_energy_uj,8193982.400895,9068.816023,8252236.876175,50,8193982.4009 +/- 9068.8160
scenario_label=prefixed,SGCT(d4),total_energy_uj,8263113.407350,11651.196508,8322615.669856,50,8263113.4073 +/- 11651.1965
scenario_label=prefixed,SGCT(d6),total_energy_uj,8240849.586072,12691.117973,8313599.071962,50,8240849.5861 +/- 12691.1180
scenario_label=prefixed,SGCT(d8),total_energy_uj,4717046.202067,11000.778749,4777477.505463,50,4717046.2021 +/- 11000.7787
scenario_label=prefixed,SGCT(no_local_short_id),total_energy_uj,4850171.562912,11726.584241,4914532.712000,50,4850171.5629 +/- 11726.5842
scenario_label=prefixed,SGCT(no_low_d_fallback),total_energy_uj,4717046.202067,11000.778749,4777477.505463,50,4717046.2021 +/- 11000.7787
scenario_label=prefixed,SGCT(no_signature_grouping),total_energy_uj,8425758.626697,18012.508778,8523954.612569,50,8425758.6267 +/- 18012.5088
scenario_label=prefixed,SGCT(no_suffix_extension),total_energy_uj,4717046.202067,11000.778749,4777477.505463,50,4717046.2021 +/- 11000.7787
scenario_label=prefixed,SGCT,total_protocol_time_ms,9374.698850,21.584487,9471.317375,50,9374.6989 +/- 21.5845
scenario_label=prefixed,SGCT(d10),total_protocol_time_ms,16158.356125,7.479165,16195.738125,50,16158.3561 +/- 7.4792
scenario_label=prefixed,SGCT(d4),total_protocol_time_ms,16504.451950,19.322219,16592.775187,50,16504.4519 +/- 19.3222
scenario_label=prefixed,SGCT(d6),total_protocol_time_ms,16458.461300,21.304739,16597.670313,50,16458.4613 +/- 21.3047
scenario_label=prefixed,SGCT(d8),total_protocol_time_ms,9386.215800,21.903828,9509.005312,50,9386.2158 +/- 21.9038
scenario_label=prefixed,SGCT(no_local_short_id),total_protocol_time_ms,9588.249050,23.353637,9719.184375,50,9588.2491 +/- 23.3536
scenario_label=prefixed,SGCT(no_low_d_fallback),total_protocol_time_ms,9386.215800,21.903828,9509.005312,50,9386.2158 +/- 21.9038
scenario_label=prefixed,SGCT(no_signature_grouping),total_protocol_time_ms,16798.948800,34.182672,16990.547813,50,16798.9488 +/- 34.1827
scenario_label=prefixed,SGCT(no_suffix_extension),total_protocol_time_ms,9386.215800,21.903828,9509.005312,50,9386.2158 +/- 21.9038
scenario_label=random,SGCT,avg_total_bits,165.554490,0.099922,166.055245,50,165.5545 +/- 0.0999
scenario_label=random,SGCT(d10),avg_total_bits,167.467860,0.034008,167.667425,50,167.4679 +/- 0.0340
scenario_label=random,SGCT(d4),avg_total_bits,234.933782,0.098800,235.489800,50,234.9338 +/- 0.0988
scenario_label=random,SGCT(d6),avg_total_bits,207.992684,0.078386,208.465690,50,207.9927 +/- 0.0784
scenario_label=random,SGCT(d8),avg_total_bits,165.490126,0.100575,166.147345,50,165.4901 +/- 0.1006
scenario_label=random,SGCT(no_local_short_id),avg_total_bits,264.872962,0.214155,266.305575,50,264.8730 +/- 0.2142
scenario_label=random,SGCT(no_low_d_fallback),avg_total_bits,165.490126,0.100575,166.147345,50,165.4901 +/- 0.1006
scenario_label=random,SGCT(no_signature_grouping),avg_total_bits,191.864694,0.140957,192.790165,50,191.8647 +/- 0.1410
scenario_label=random,SGCT(no_suffix_extension),avg_total_bits,165.490126,0.100575,166.147345,50,165.4901 +/- 0.1006
scenario_label=random,SGCT,system_efficiency,0.839571,0.000943,0.844741,50,0.8396 +/- 0.0009
scenario_label=random,SGCT(d10),system_efficiency,0.823357,0.000271,0.824372,50,0.8234 +/- 0.0003
scenario_label=random,SGCT(d4),system_efficiency,0.586276,0.000470,0.589211,50,0.5863 +/- 0.0005
scenario_label=random,SGCT(d6),system_efficiency,0.621067,0.000444,0.623933,50,0.6211 +/- 0.0004
scenario_label=random,SGCT(d8),system_efficiency,0.840165,0.000953,0.844855,50,0.8402 +/- 0.0010
scenario_label=random,SGCT(no_local_short_id),system_efficiency,0.840165,0.000953,0.844855,50,0.8402 +/- 0.0010
scenario_label=random,SGCT(no_low_d_fallback),system_efficiency,0.840165,0.000953,0.844855,50,0.8402 +/- 0.0010
scenario_label=random,SGCT(no_signature_grouping),system_efficiency,0.128474,0.000189,0.129408,50,0.1285 +/- 0.0002
scenario_label=random,SGCT(no_suffix_extension),system_efficiency,0.840165,0.000953,0.844855,50,0.8402 +/- 0.0010
scenario_label=random,SGCT,throughput_tags_per_sec,888.000384,0.958150,893.236063,50,888.0004 +/- 0.9581
scenario_label=random,SGCT(d10),throughput_tags_per_sec,559.559613,0.155996,560.347570,50,559.5596 +/- 0.1560
scenario_label=random,SGCT(d4),throughput_tags_per_sec,655.941722,0.539291,659.330389,50,655.9417 +/- 0.5393
scenario_label=random,SGCT(d6),throughput_tags_per_sec,633.687000,0.520031,636.922875,50,633.6870 +/- 0.5200
scenario_label=random,SGCT(d8),throughput_tags_per_sec,888.600783,0.968941,893.366738,50,888.6008 +/- 0.9689
scenario_label=random,SGCT(no_local_short_id),throughput_tags_per_sec,851.710668,1.133724,857.299658,50,851.7107 +/- 1.1337
scenario_label=random,SGCT(no_low_d_fallback),throughput_tags_per_sec,888.600783,0.968941,893.366738,50,888.6008 +/- 0.9689
scenario_label=random,SGCT(no_signature_grouping),throughput_tags_per_sec,535.581805,0.677628,538.925767,50,535.5818 +/- 0.6776
scenario_label=random,SGCT(no_suffix_extension),throughput_tags_per_sec,888.600783,0.968941,893.366738,50,888.6008 +/- 0.9689
scenario_label=random,SGCT,total_bits,1655544.900000,999.217808,1660552.450000,50,1655544.9000 +/- 999.2178
scenario_label=random,SGCT(d10),total_bits,1674678.600000,340.076261,1676674.250000,50,1674678.6000 +/- 340.0763
scenario_label=random,SGCT(d4),total_bits,2349337.820000,988.000071,2354898.000000,50,2349337.8200 +/- 988.0001
scenario_label=random,SGCT(d6),total_bits,2079926.840000,783.864075,2084656.900000,50,2079926.8400 +/- 783.8641
scenario_label=random,SGCT(d8),total_bits,1654901.260000,1005.750245,1661473.450000,50,1654901.2600 +/- 1005.7502
scenario_label=random,SGCT(no_local_short_id),total_bits,2648729.620000,2141.552348,2663055.750000,50,2648729.6200 +/- 2141.5523
scenario_label=random,SGCT(no_low_d_fallback),total_bits,1654901.260000,1005.750245,1661473.450000,50,1654901.2600 +/- 1005.7502
scenario_label=random,SGCT(no_signature_grouping),total_bits,1918646.940000,1409.573221,1927901.650000,50,1918646.9400 +/- 1409.5732
scenario_label=random,SGCT(no_suffix_extension),total_bits,1654901.260000,1005.750245,1661473.450000,50,1654901.2600 +/- 1005.7502
scenario_label=random,SGCT,total_energy_uj,5653225.380440,7487.118825,5696780.445912,50,5653225.3804 +/- 7487.1188
scenario_label=random,SGCT(d10),total_energy_uj,9043363.225003,7551.245465,9081840.362125,50,9043363.2250 +/- 7551.2455
scenario_label=random,SGCT(d4),total_energy_uj,7631288.396637,6494.135034,7665025.523656,50,7631288.3966 +/- 6494.1350
scenario_label=random,SGCT(d6),total_energy_uj,7901785.256815,7889.047225,7944001.767487,50,7901785.2568 +/- 7889.0472
scenario_label=random,SGCT(d8),total_energy_uj,5652693.061945,6299.171045,5688693.492125,50,5652693.0619 +/- 6299.1710
scenario_label=random,SGCT(no_local_short_id),total_energy_uj,5967522.013600,8015.595257,6013557.122381,50,5967522.0136 +/- 8015.5953
scenario_label=random,SGCT(no_low_d_fallback),total_energy_uj,5652693.061945,6299.171045,5688693.492125,50,5652693.0619 +/- 6299.1710
scenario_label=random,SGCT(no_signature_grouping),total_energy_uj,9360560.314205,13533.838354,9429702.643781,50,9360560.3142 +/- 13533.8384
scenario_label=random,SGCT(no_suffix_extension),total_energy_uj,5652693.061945,6299.171045,5688693.492125,50,5652693.0619 +/- 6299.1710
scenario_label=random,SGCT,total_protocol_time_ms,11261.423900,12.171650,11320.702750,50,11261.4239 +/- 12.1716
scenario_label=random,SGCT(d10),total_protocol_time_ms,17871.214600,4.984187,17899.076750,50,17871.2146 +/- 4.9842
scenario_label=random,SGCT(d4),total_protocol_time_ms,15245.388325,12.541112,15319.806562,50,15245.3883 +/- 12.5411
scenario_label=random,SGCT(d6),total_protocol_time_ms,15780.796925,12.943781,15849.857000,50,15780.7969 +/- 12.9438
scenario_label=random,SGCT(d8),total_protocol_time_ms,11253.818300,12.278641,11333.080187,50,11253.8183 +/- 12.2786
scenario_label=random,SGCT(no_local_short_id),total_protocol_time_ms,11741.341925,15.640717,11842.949875,50,11741.3419 +/- 15.6407
scenario_label=random,SGCT(no_low_d_fallback),total_protocol_time_ms,11253.818300,12.278641,11333.080187,50,11253.8183 +/- 12.2786
scenario_label=random,SGCT(no_signature_grouping),total_protocol_time_ms,18671.665550,23.641167,18825.840500,50,18671.6656 +/- 23.6412
scenario_label=random,SGCT(no_suffix_extension),total_protocol_time_ms,11253.818300,12.278641,11333.080187,50,11253.8183 +/- 12.2786
scenario_label=sequential,SGCT,avg_total_bits,62.337000,0.000000,62.337000,50,62.3370 +/- 0.0000
scenario_label=sequential,SGCT(d10),avg_total_bits,72.590800,0.000000,72.590800,50,72.5908 +/- 0.0000
scenario_label=sequential,SGCT(d4),avg_total_bits,133.285600,0.000000,133.285600,50,133.2856 +/- 0.0000
scenario_label=sequential,SGCT(d6),avg_total_bits,115.012900,0.000000,115.012900,50,115.0129 +/- 0.0000
scenario_label=sequential,SGCT(d8),avg_total_bits,62.337000,0.000000,62.337000,50,62.3370 +/- 0.0000
scenario_label=sequential,SGCT(no_local_short_id),avg_total_bits,68.337000,0.000000,68.337000,50,68.3370 +/- 0.0000
scenario_label=sequential,SGCT(no_low_d_fallback),avg_total_bits,62.337000,0.000000,62.337000,50,62.3370 +/- 0.0000
scenario_label=sequential,SGCT(no_signature_grouping),avg_total_bits,62.376600,0.000000,62.376600,50,62.3766 +/- 0.0000
scenario_label=sequential,SGCT(no_suffix_extension),avg_total_bits,62.337000,0.000000,62.337000,50,62.3370 +/- 0.0000
scenario_label=sequential,SGCT,system_efficiency,0.969462,0.000000,0.969462,50,0.9695 +/- 0.0000
scenario_label=sequential,SGCT(d10),system_efficiency,0.888810,0.000000,0.888810,50,0.8888 +/- 0.0000
scenario_label=sequential,SGCT(d4),system_efficiency,0.652443,0.000000,0.652443,50,0.6524 +/- 0.0000
scenario_label=sequential,SGCT(d6),system_efficiency,0.663438,0.000000,0.663438,50,0.6634 +/- 0.0000
scenario_label=sequential,SGCT(d8),system_efficiency,0.969462,0.000000,0.969462,50,0.9695 +/- 0.0000
scenario_label=sequential,SGCT(no_local_short_id),system_efficiency,0.969462,0.000000,0.969462,50,0.9695 +/- 0.0000
scenario_label=sequential,SGCT(no_low_d_fallback),system_efficiency,0.969462,0.000000,0.969462,50,0.9695 +/- 0.0000
scenario_label=sequential,SGCT(no_signature_grouping),system_efficiency,0.960246,0.000000,0.960246,50,0.9602 +/- 0.0000
scenario_label=sequential,SGCT(no_suffix_extension),system_efficiency,0.969462,0.000000,0.969462,50,0.9695 +/- 0.0000
scenario_label=sequential,SGCT,throughput_tags_per_sec,2169.357393,0.000000,2169.357393,50,2169.3574 +/- 0.0000
scenario_label=sequential,SGCT(d10),throughput_tags_per_sec,1618.809924,0.000000,1618.809924,50,1618.8099 +/- 0.0000
scenario_label=sequential,SGCT(d4),throughput_tags_per_sec,921.882022,0.000000,921.882022,50,921.8820 +/- 0.0000
scenario_label=sequential,SGCT(d6),throughput_tags_per_sec,959.022871,0.000000,959.022871,50,959.0229 +/- 0.0000
scenario_label=sequential,SGCT(d8),throughput_tags_per_sec,2169.357393,0.000000,2169.357393,50,2169.3574 +/- 0.0000
scenario_label=sequential,SGCT(no_local_short_id),throughput_tags_per_sec,2166.590204,0.000000,2166.590204,50,2166.5902 +/- 0.0000
scenario_label=sequential,SGCT(no_low_d_fallback),throughput_tags_per_sec,2169.357393,0.000000,2169.357393,50,2169.3574 +/- 0.0000
scenario_label=sequential,SGCT(no_signature_grouping),throughput_tags_per_sec,2164.128595,0.000000,2164.128595,50,2164.1286 +/- 0.0000
scenario_label=sequential,SGCT(no_suffix_extension),throughput_tags_per_sec,2169.357393,0.000000,2169.357393,50,2169.3574 +/- 0.0000
scenario_label=sequential,SGCT,total_bits,623370.000000,0.000000,623370.000000,50,623370.0000 +/- 0.0000
scenario_label=sequential,SGCT(d10),total_bits,725908.000000,0.000000,725908.000000,50,725908.0000 +/- 0.0000
scenario_label=sequential,SGCT(d4),total_bits,1332856.000000,0.000000,1332856.000000,50,1332856.0000 +/- 0.0000
scenario_label=sequential,SGCT(d6),total_bits,1150129.000000,0.000000,1150129.000000,50,1150129.0000 +/- 0.0000
scenario_label=sequential,SGCT(d8),total_bits,623370.000000,0.000000,623370.000000,50,623370.0000 +/- 0.0000
scenario_label=sequential,SGCT(no_local_short_id),total_bits,683370.000000,0.000000,683370.000000,50,683370.0000 +/- 0.0000
scenario_label=sequential,SGCT(no_low_d_fallback),total_bits,623370.000000,0.000000,623370.000000,50,623370.0000 +/- 0.0000
scenario_label=sequential,SGCT(no_signature_grouping),total_bits,623766.000000,0.000000,623766.000000,50,623766.0000 +/- 0.0000
scenario_label=sequential,SGCT(no_suffix_extension),total_bits,623370.000000,0.000000,623370.000000,50,623370.0000 +/- 0.0000
scenario_label=sequential,SGCT,total_energy_uj,2325443.362000,0.000000,2325443.362000,50,2325443.3620 +/- 0.0000
scenario_label=sequential,SGCT(d10),total_energy_uj,3157248.066000,0.000000,3157248.066000,50,3157248.0660 +/- 0.0000
scenario_label=sequential,SGCT(d4),total_energy_uj,5431458.766000,0.000000,5431458.766000,50,5431458.7660 +/- 0.0000
scenario_label=sequential,SGCT(d6),total_energy_uj,5225634.404000,0.000000,5225634.404000,50,5225634.4040 +/- 0.0000
scenario_label=sequential,SGCT(d8),total_energy_uj,2325443.362000,0.000000,2325443.362000,50,2325443.3620 +/- 0.0000
scenario_label=sequential,SGCT(no_local_short_id),total_energy_uj,2331360.862000,0.000000,2331360.862000,50,2331360.8620 +/- 0.0000
scenario_label=sequential,SGCT(no_low_d_fallback),total_energy_uj,2325443.362000,0.000000,2325443.362000,50,2325443.3620 +/- 0.0000
scenario_label=sequential,SGCT(no_signature_grouping),total_energy_uj,2336581.654000,0.000000,2336581.654000,50,2336581.6540 +/- 0.0000
scenario_label=sequential,SGCT(no_suffix_extension),total_energy_uj,2325443.362000,0.000000,2325443.362000,50,2325443.3620 +/- 0.0000
scenario_label=sequential,SGCT,total_protocol_time_ms,4609.660000,0.000000,4609.660000,50,4609.6600 +/- 0.0000
scenario_label=sequential,SGCT(d10),total_protocol_time_ms,6177.377500,0.000000,6177.377500,50,6177.3775 +/- 0.0000
scenario_label=sequential,SGCT(d4),total_protocol_time_ms,10847.375000,0.000000,10847.375000,50,10847.3750 +/- 0.0000
scenario_label=sequential,SGCT(d6),total_protocol_time_ms,10427.280000,0.000000,10427.280000,50,10427.2800 +/- 0.0000
scenario_label=sequential,SGCT(d8),total_protocol_time_ms,4609.660000,0.000000,4609.660000,50,4609.6600 +/- 0.0000
scenario_label=sequential,SGCT(no_local_short_id),total_protocol_time_ms,4615.547500,0.000000,4615.547500,50,4615.5475 +/- 0.0000
scenario_label=sequential,SGCT(no_low_d_fallback),total_protocol_time_ms,4609.660000,0.000000,4609.660000,50,4609.6600 +/- 0.0000
scenario_label=sequential,SGCT(no_signature_grouping),total_protocol_time_ms,4620.797500,0.000000,4620.797500,50,4620.7975 +/- 0.0000
scenario_label=sequential,SGCT(no_suffix_extension),total_protocol_time_ms,4609.660000,0.000000,4609.660000,50,4609.6600 +/- 0.0000
