BINARY_LENGTH,candidate,baseline,metric,candidate_mean,baseline_mean,mean_improvement,mean_improvement_pct,paired_t_stat,paired_t_p_value_normal_approx,cohens_d,win_rate,n
20,SGCT,DRCT,total_protocol_time_ms,5997.304575,10076.817300,4079.512725,40.484139,794.114081,0.000000,112.304690,1.000000,50
20,SGCT,LAPCT,total_protocol_time_ms,5997.304575,11648.690100,5651.385525,48.515202,1656.683375,0.000000,234.290410,1.000000,50
20,SGCT,DQTA(k_max=3),total_protocol_time_ms,5997.304575,7173.843225,1176.538650,16.400395,242.546415,0.000000,34.301243,1.000000,50
20,SGCT,EMDT,total_protocol_time_ms,5997.304575,6586.647350,589.342775,8.947538,67.279526,0.000000,9.514762,1.000000,50
20,SGCT,NLHQT(n=2),total_protocol_time_ms,5997.304575,10173.001300,4175.696725,41.046851,1624.318527,0.000000,229.713329,1.000000,50
20,SGCT,EAQ_CBB,total_protocol_time_ms,5997.304575,10899.683000,4902.378425,44.977257,826.115434,0.000000,116.830365,1.000000,50
20,SGCT,HT_EEAC,total_protocol_time_ms,5997.304575,74691.734150,68694.429575,91.970591,303.618730,0.000000,42.938173,1.000000,50
40,SGCT,DRCT,total_protocol_time_ms,7748.219500,11577.992375,3829.772875,33.078039,600.441245,0.000000,84.915215,1.000000,50
40,SGCT,LAPCT,total_protocol_time_ms,7748.219500,15403.409025,7655.189525,49.698021,1510.346791,0.000000,213.595292,1.000000,50
40,SGCT,DQTA(k_max=3),total_protocol_time_ms,7748.219500,9636.653650,1888.434150,19.596368,296.817691,0.000000,41.976360,1.000000,50
40,SGCT,EMDT,total_protocol_time_ms,7748.219500,8457.570150,709.350650,8.387168,78.936944,0.000000,11.163370,1.000000,50
40,SGCT,NLHQT(n=2),total_protocol_time_ms,7748.219500,12418.153200,4669.933700,37.605702,1172.673582,0.000000,165.841088,1.000000,50
40,SGCT,EAQ_CBB,total_protocol_time_ms,7748.219500,13915.799725,6167.580225,44.320703,732.769810,0.000000,103.629300,1.000000,50
40,SGCT,HT_EEAC,total_protocol_time_ms,7748.219500,76323.754300,68575.534800,89.848220,390.992615,0.000000,55.294706,1.000000,50
60,SGCT,DRCT,total_protocol_time_ms,8999.174650,12879.706300,3880.531650,30.129038,620.419837,0.000000,87.740615,1.000000,50
60,SGCT,LAPCT,total_protocol_time_ms,8999.174650,19155.808800,10156.634150,53.021171,1630.140569,0.000000,230.536690,1.000000,50
60,SGCT,DQTA(k_max=3),total_protocol_time_ms,8999.174650,12041.141750,3041.967100,25.263112,451.392480,0.000000,63.836537,1.000000,50
60,SGCT,EMDT,total_protocol_time_ms,8999.174650,10306.323100,1307.148450,12.682976,117.621528,0.000000,16.634196,1.000000,50
60,SGCT,NLHQT(n=2),total_protocol_time_ms,8999.174650,14568.757500,5569.582850,38.229635,1057.809736,0.000000,149.596887,1.000000,50
60,SGCT,EAQ_CBB,total_protocol_time_ms,8999.174650,16934.908675,7935.734025,46.860212,918.742128,0.000000,129.929758,1.000000,50
60,SGCT,HT_EEAC,total_protocol_time_ms,8999.174650,77468.832600,68469.657950,88.383490,304.064963,0.000000,43.001279,1.000000,50
80,SGCT,DRCT,total_protocol_time_ms,10247.767100,14195.303950,3947.536850,27.808752,618.922353,0.000000,87.528839,1.000000,50
80,SGCT,LAPCT,total_protocol_time_ms,10247.767100,22908.353775,12660.586675,55.266244,2171.713297,0.000000,307.126640,1.000000,50
80,SGCT,DQTA(k_max=3),total_protocol_time_ms,10247.767100,14448.406250,4200.639150,29.073374,564.843586,0.000000,79.880946,1.000000,50
80,SGCT,EMDT,total_protocol_time_ms,10247.767100,12176.561300,1928.794200,15.840221,153.863451,0.000000,21.759578,1.000000,50
80,SGCT,NLHQT(n=2),total_protocol_time_ms,10247.767100,16728.545650,6480.778550,38.740837,1497.646571,0.000000,211.799209,1.000000,50
80,SGCT,EAQ_CBB,total_protocol_time_ms,10247.767100,19959.862425,9712.095325,48.658128,1373.393784,0.000000,194.227212,1.000000,50
80,SGCT,HT_EEAC,total_protocol_time_ms,10247.767100,78596.768450,68349.001350,86.961592,409.385438,0.000000,57.895844,1.000000,50
96,SGCT,DRCT,total_protocol_time_ms,11261.715350,15245.240775,3983.525425,26.129633,590.512380,0.000000,83.511062,1.000000,50
96,SGCT,LAPCT,total_protocol_time_ms,11261.715350,25910.580550,14648.865200,56.536229,2670.180627,0.000000,377.620566,1.000000,50
96,SGCT,DQTA(k_max=3),total_protocol_time_ms,11261.715350,16390.720175,5129.004825,31.292126,609.907268,0.000000,86.253913,1.000000,50
96,SGCT,EMDT,total_protocol_time_ms,11261.715350,13680.196850,2418.481500,17.678704,135.381049,0.000000,19.145772,1.000000,50
96,SGCT,NLHQT(n=2),total_protocol_time_ms,11261.715350,18452.140700,7190.425350,38.967974,1542.430557,0.000000,218.132621,1.000000,50
96,SGCT,EAQ_CBB,total_protocol_time_ms,11261.715350,22377.219500,11115.504150,49.673303,1314.139815,0.000000,185.847435,1.000000,50
96,SGCT,HT_EEAC,total_protocol_time_ms,11261.715350,79589.320800,68327.605450,85.850218,345.729489,0.000000,48.893533,1.000000,50
100,SGCT,DRCT,total_protocol_time_ms,11502.444500,15494.844425,3992.399925,25.765989,646.981870,0.000000,91.497054,1.000000,50
100,SGCT,LAPCT,total_protocol_time_ms,11502.444500,26661.075825,15158.631325,56.856788,2853.854651,0.000000,403.595995,1.000000,50
100,SGCT,DQTA(k_max=3),total_protocol_time_ms,11502.444500,16857.761650,5355.317150,31.767664,737.714872,0.000000,104.328638,1.000000,50
100,SGCT,EMDT,total_protocol_time_ms,11502.444500,14042.010550,2539.566050,18.085487,151.967803,0.000000,21.491493,1.000000,50
100,SGCT,NLHQT(n=2),total_protocol_time_ms,11502.444500,18873.197850,7370.753350,39.054078,1541.167797,0.000000,217.954040,1.000000,50
100,SGCT,EAQ_CBB,total_protocol_time_ms,11502.444500,22965.132100,11462.687600,49.913441,1179.872621,0.000000,166.859186,1.000000,50
100,SGCT,HT_EEAC,total_protocol_time_ms,11502.444500,79813.288900,68310.844400,85.588309,300.852762,0.000000,42.547006,1.000000,50
128,SGCT,DRCT,total_protocol_time_ms,13246.809775,17324.372125,4077.562350,23.536566,545.729503,0.000000,77.177806,1.000000,50
128,SGCT,LAPCT,total_protocol_time_ms,13246.809775,31914.476675,18667.666900,58.492787,3020.861026,0.000000,427.214263,1.000000,50
128,SGCT,DQTA(k_max=3),total_protocol_time_ms,13246.809775,20240.837900,6994.028125,34.554044,679.011511,0.000000,96.026729,1.000000,50
128,SGCT,EMDT,total_protocol_time_ms,13246.809775,16717.455350,3470.645575,20.760609,161.288611,0.000000,22.809654,1.000000,50
128,SGCT,NLHQT(n=2),total_protocol_time_ms,13246.809775,21895.254800,8648.445025,39.499175,1166.217948,0.000000,164.928124,1.000000,50
128,SGCT,EAQ_CBB,total_protocol_time_ms,13246.809775,27210.144500,13963.334725,51.316650,1348.627106,0.000000,190.724674,1.000000,50
128,SGCT,HT_EEAC,total_protocol_time_ms,13246.809775,81317.135900,68070.326125,83.709695,291.537178,0.000000,41.229583,1.000000,50
160,SGCT,DRCT,total_protocol_time_ms,15258.407475,19421.496050,4163.088575,21.435468,655.481347,0.000000,92.699061,1.000000,50
160,SGCT,LAPCT,total_protocol_time_ms,15258.407475,37918.597625,22660.190150,59.760095,3992.975332,0.000000,564.691987,1.000000,50
160,SGCT,DQTA(k_max=3),total_protocol_time_ms,15258.407475,24095.827025,8837.419550,36.676141,793.664374,0.000000,112.241092,1.000000,50
160,SGCT,EMDT,total_protocol_time_ms,15258.407475,19664.348250,4405.940775,22.405730,165.192073,0.000000,23.361687,1.000000,50
160,SGCT,NLHQT(n=2),total_protocol_time_ms,15258.407475,25348.043200,10089.635725,39.804397,1340.337905,0.000000,189.552404,1.000000,50
160,SGCT,EAQ_CBB,total_protocol_time_ms,15258.407475,32049.229525,16790.822050,52.390720,1533.951433,0.000000,216.933492,1.000000,50
160,SGCT,HT_EEAC,total_protocol_time_ms,15258.407475,83222.303050,67963.895575,81.665483,303.208660,0.000000,42.880180,1.000000,50
192,SGCT,DRCT,total_protocol_time_ms,17252.471375,21497.238900,4244.767525,19.745641,510.673142,0.000000,72.220088,1.000000,50
192,SGCT,LAPCT,total_protocol_time_ms,17252.471375,43922.542425,26670.071050,60.720691,4591.539220,0.000000,649.341704,1.000000,50
192,SGCT,DQTA(k_max=3),total_protocol_time_ms,17252.471375,27935.895175,10683.423800,38.242640,762.818588,0.000000,107.878839,1.000000,50
192,SGCT,EMDT,total_protocol_time_ms,17252.471375,22640.598050,5388.126675,23.798517,193.192874,0.000000,27.321598,1.000000,50
192,SGCT,NLHQT(n=2),total_protocol_time_ms,17252.471375,28777.876750,11525.405375,40.049533,1223.736623,0.000000,173.062493,1.000000,50
192,SGCT,EAQ_CBB,total_protocol_time_ms,17252.471375,36878.717475,19626.246100,53.218353,1944.076883,0.000000,274.933989,1.000000,50
192,SGCT,HT_EEAC,total_protocol_time_ms,17252.471375,85603.295700,68350.824325,79.846020,292.605685,0.000000,41.380693,1.000000,50
256,SGCT,DRCT,total_protocol_time_ms,21239.245425,25678.853825,4439.608400,17.288966,621.150268,0.000000,87.843913,1.000000,50
256,SGCT,LAPCT,total_protocol_time_ms,21239.245425,55930.684775,34691.439350,62.025773,5893.858763,0.000000,833.517500,1.000000,50
256,SGCT,DQTA(k_max=3),total_protocol_time_ms,21239.245425,35639.264550,14400.019125,40.404928,941.934512,0.000000,133.209656,1.000000,50
256,SGCT,EMDT,total_protocol_time_ms,21239.245425,28600.031050,7360.785625,25.736985,178.492991,0.000000,25.242721,1.000000,50
256,SGCT,NLHQT(n=2),total_protocol_time_ms,21239.245425,35660.394750,14421.149325,40.440240,1249.472722,0.000000,176.702127,1.000000,50
256,SGCT,EAQ_CBB,total_protocol_time_ms,21239.245425,46533.749375,25294.503950,54.357331,1768.642670,0.000000,250.123845,1.000000,50
256,SGCT,HT_EEAC,total_protocol_time_ms,21239.245425,89806.507900,68567.262475,76.349993,287.359113,0.000000,40.638715,1.000000,50
